parcel_id,property_name,street_address,city,state,zip,latitude,longitude,owner_name,owner_mailing_address,property_classification,building_area,year_built,source,source_date,lead_priority,visual_review_status,assigned_rep,outreach_status,notes,google_maps_url,google_earth_url,assessed_value
23 00 31 4 007 002.000,3015 CLAIRMONT LLC,3015 CLAIRMONT AVE,Birmingham,AL,35205,33.5111893,-86.7840394,3015 CLAIRMONT LLC,"P O BOX 131346, BIRMINGHAM, AL, 35213",Commercial (Class 2),Unknown - Visual Review Required,Unknown - Visual Review Required,JEFFERSON_TAX_LIEN,2026-04-28T22:00:02.550Z,,,,,,"https://www.google.com/maps/search/?api=1&query=33.5111893,-86.7840394","https://earth.google.com/web/search/33.5111893,-86.7840394",1350900
23 00 31 4 007 003.000,DEL CONTE PROPERTIES LLC,801 30TH ST S,Birmingham,AL,35205,33.511096,-86.784187,DEL CONTE PROPERTIES LLC,"1326 ATKINS TRIMM CIR, HOOVER, AL, 35226",Commercial (Class 2),Unknown - Visual Review Required,Unknown - Visual Review Required,JEFFERSON_TAX_LIEN,2026-04-28T22:00:19.300Z,,,,,,"https://www.google.com/maps/search/?api=1&query=33.511096,-86.784187","https://earth.google.com/web/search/33.511096,-86.784187",299600
23 00 31 4 009 002.001,REVIBE PROPERTIES LLC,923 28TH ST S,Birmingham,AL,35205,33.509009,-86.786503,REVIBE PROPERTIES LLC,"923 28TH ST S, BIRMINGHAM, AL, 35205-1211",Commercial (Class 2),Unknown - Visual Review Required,Unknown - Visual Review Required,JEFFERSON_TAX_LIEN,2026-04-28T22:00:53.620Z,,,,,,"https://www.google.com/maps/search/?api=1&query=33.509009,-86.786503","https://earth.google.com/web/search/33.509009,-86.786503",602900
23 00 31 4 022 001.000,39 HANOVER PARTNERS LLC,39 HANOVER CIR,Birmingham,AL,35205,33.5059273,-86.7867354,39 HANOVER PARTNERS LLC,"2400 ARLINGTON AVE S, BIRMINGHAM, AL, 35205",Commercial (Class 2),Unknown - Visual Review Required,Unknown - Visual Review Required,JEFFERSON_TAX_LIEN,2026-04-28T22:00:02.580Z,,,,,,"https://www.google.com/maps/search/?api=1&query=33.5059273,-86.7867354","https://earth.google.com/web/search/33.5059273,-86.7867354",5101800
23 00 31 4 022 002.366,BARNETT MICHAEL DAVID,57 HANOVER CIR,Birmingham,AL,35205,33.5054894,-86.7876311,BARNETT MICHAEL DAVID,"57 HANOVER CIRCLE APT 313, BIRMINGHAM, AL, 35205",Commercial (Class 2),Unknown - Visual Review Required,Unknown - Visual Review Required,JEFFERSON_TAX_LIEN,2026-04-28T22:00:06.530Z,,,,,,"https://www.google.com/maps/search/?api=1&query=33.5054894,-86.7876311","https://earth.google.com/web/search/33.5054894,-86.7876311",48700
23 00 31 4 024 006.000,FMP-SOUTHERN COURT/SOUTHERS LL,2811 11TH AVE S,Birmingham,AL,35205,33.5065346,-86.7845627,FMP-SOUTHERN COURT/SOUTHERS LL,"PO BOX 131346, BIRMINGHAM, AL, 35213-6346",Commercial (Class 2),Unknown - Visual Review Required,Unknown - Visual Review Required,JEFFERSON_TAX_LIEN,2026-04-28T22:00:23.533Z,,,,,,"https://www.google.com/maps/search/?api=1&query=33.5065346,-86.7845627","https://earth.google.com/web/search/33.5065346,-86.7845627",734400
28 00 06 1 003 006.000,FARRIS 2816 13TH AVENUE LLC,2816 13TH AVE S,Birmingham,AL,35205,33.5037306,-86.7818854,FARRIS 2816 13TH AVENUE LLC,"PO BOX 131346, BIRMINGHAM, AL, 35213",Commercial (Class 2),Unknown - Visual Review Required,Unknown - Visual Review Required,JEFFERSON_TAX_LIEN,2026-04-28T22:00:22.610Z,,,,,,"https://www.google.com/maps/search/?api=1&query=33.5037306,-86.7818854","https://earth.google.com/web/search/33.5037306,-86.7818854",580400
28 00 06 1 005 020.000,MERCURY FUNDING LLC,2724 HIGHLAND CT S,Birmingham,AL,35205,,,MERCURY FUNDING LLC,"P O BOX 772837, MEMPHIS, TN, 38177",Commercial (Class 2),Unknown - Visual Review Required,Unknown - Visual Review Required,JEFFERSON_TAX_LIEN,2026-04-28T22:00:44.150Z,,,,,,,,433600
28 00 06 1 011 001.331,REDHEADED LLC THE,2717 HIGHLAND AVE S,Birmingham,AL,35205,33.5008986,-86.7902691,REDHEADED LLC THE,"609 24TH AVE NW, BIRMINGHAM, AL, 35215",Commercial (Class 2),Unknown - Visual Review Required,Unknown - Visual Review Required,JEFFERSON_TAX_LIEN,2026-04-28T22:00:53.107Z,,,,,,"https://www.google.com/maps/search/?api=1&query=33.5008986,-86.7902691","https://earth.google.com/web/search/33.5008986,-86.7902691",170200
28 00 06 1 011 007.305,JMA ENTERPRISES (R/S),2727 HIGHLAND AVE S,Birmingham,AL,35205,,,JMA ENTERPRISES (R/S),"PO BOX 361224, BIRMINGHAM, AL, 35236",Commercial (Class 2),Unknown - Visual Review Required,Unknown - Visual Review Required,JEFFERSON_TAX_LIEN,2026-04-28T22:00:34.867Z,,,,,,,,43900
28 00 06 1 011 007.307,WADE JAMES LAWSON,2727 HIGHLAND AVE S,Birmingham,AL,35205,33.4999458,-86.7931632,WADE JAMES LAWSON,"2727 HIGHLAND AVENUE SOUTH UNIT 106A, BIRMINGHAM, AL, 35205",Commercial (Class 2),Unknown - Visual Review Required,Unknown - Visual Review Required,JEFFERSON_TAX_LIEN,2026-04-28T22:01:06.970Z,,,,,,"https://www.google.com/maps/search/?api=1&query=33.4999458,-86.7931632","https://earth.google.com/web/search/33.4999458,-86.7931632",43900
28 00 06 1 012 010.312,LAFERRY GEORGE D & DOROTHY A,1330 28TH ST S,Birmingham,AL,35205,33.502915,-86.78186,LAFERRY GEORGE D & DOROTHY A,"3476 BEASON COLE RD, STEELE, AL, 35987",Commercial (Class 2),Unknown - Visual Review Required,Unknown - Visual Review Required,JEFFERSON_TAX_LIEN,2026-04-28T22:00:38.227Z,,,,,,"https://www.google.com/maps/search/?api=1&query=33.502915,-86.78186","https://earth.google.com/web/search/33.502915,-86.78186",42400
28 00 06 1 015 001.318,CITIZENS BANK,2900 REDMONT PARK CIR,Birmingham,AL,35205,33.502532,-86.780242,CITIZENS BANK,"10561 TELEGRAPH ROAD, GLEN ALLEN, VA, 23059",Commercial (Class 2),Unknown - Visual Review Required,Unknown - Visual Review Required,JEFFERSON_TAX_LIEN,2026-04-28T22:00:14.797Z,,,,,,"https://www.google.com/maps/search/?api=1&query=33.502532,-86.780242","https://earth.google.com/web/search/33.502532,-86.780242",324000
28 00 06 1 015 004.001,STARLIT ENTERPRISES LLC,2711 NIAZUMA AVE S,Birmingham,AL,35205,33.5024585,-86.783625,STARLIT ENTERPRISES LLC,"267 N CHANDALAR LANE, PELHAM, AL, 35124",Commercial (Class 2),Unknown - Visual Review Required,Unknown - Visual Review Required,JEFFERSON_TAX_LIEN,2026-04-28T22:01:01.123Z,,,,,,"https://www.google.com/maps/search/?api=1&query=33.5024585,-86.783625","https://earth.google.com/web/search/33.5024585,-86.783625",319400
28 00 06 1 019 036.303,TRIGG JACK W JR,2700 ARLINGTON AVE,Birmingham,AL,35205,33.4995534,-86.7841533,TRIGG JACK W JR,"2700 ARLINGTON AVE S  APT 2, BIRMINGHAM, AL, 35205",Commercial (Class 2),Unknown - Visual Review Required,Unknown - Visual Review Required,JEFFERSON_TAX_LIEN,2026-04-28T22:01:04.983Z,,,,,,"https://www.google.com/maps/search/?api=1&query=33.4995534,-86.7841533","https://earth.google.com/web/search/33.4995534,-86.7841533",238200
28 00 06 1 019 036.318,ROGERS BRUCE F. & KIM J.,2700 ARLINGTON AVE,Birmingham,AL,35205,33.4995534,-86.7841533,ROGERS BRUCE F. & KIM J.,"2700 ARRINGTON AVENUE S #17, BIRMINGHAM, AL, 35205",Commercial (Class 2),Unknown - Visual Review Required,Unknown - Visual Review Required,JEFFERSON_TAX_LIEN,2026-04-28T22:00:54.977Z,,,,,,"https://www.google.com/maps/search/?api=1&query=33.4995534,-86.7841533","https://earth.google.com/web/search/33.4995534,-86.7841533",232500
28 00 06 1 024 012.000,JORDAN ANASTASIA AGRIPPA (R/S),2513 ARLINGTON CRES,Birmingham,AL,35205,33.4986205,-86.7856154,JORDAN ANASTASIA AGRIPPA (R/S),"26 3RD AVE W, BIRMINGHAM, AL, 35204",Commercial (Class 2),Unknown - Visual Review Required,Unknown - Visual Review Required,JEFFERSON_TAX_LIEN,2026-04-28T22:00:36.310Z,,,,,,"https://www.google.com/maps/search/?api=1&query=33.4986205,-86.7856154","https://earth.google.com/web/search/33.4986205,-86.7856154",500
28 00 06 1 025 003.000,ARLINGTON AVENUE PARTNERS II LLC,2419 ARLINGTON AVE,Birmingham,AL,35205,33.499292,-86.786345,ARLINGTON AVENUE PARTNERS II LLC,"PO BOX 131346, BIRMINGHAM, AL, 35213",Commercial (Class 2),Unknown - Visual Review Required,Unknown - Visual Review Required,JEFFERSON_TAX_LIEN,2026-04-28T22:00:05.087Z,,,,,,"https://www.google.com/maps/search/?api=1&query=33.499292,-86.786345","https://earth.google.com/web/search/33.499292,-86.786345",438200
28 00 06 1 025 004.000,WYNNE CAPITAL/2401 ARLINGTON L,2413 ARLINGTON AVE,Birmingham,AL,35205,33.499397,-86.7867875,WYNNE CAPITAL/2401 ARLINGTON L,"PO BOX 131346, BIRMINGHAM, AL, 35213-6346",Commercial (Class 2),Unknown - Visual Review Required,Unknown - Visual Review Required,JEFFERSON_TAX_LIEN,2026-04-28T22:01:11.560Z,,,,,,"https://www.google.com/maps/search/?api=1&query=33.499397,-86.7867875","https://earth.google.com/web/search/33.499397,-86.7867875",736100
28 00 06 2 004 020.000,WHITWORTH RICKEY L,2316 10TH CT S,Birmingham,AL,35205,33.504326,-86.791187,WHITWORTH RICKEY L,"1509 31ST ST N, BIRMIGHAM, AL, 35234",Commercial (Class 2),Unknown - Visual Review Required,Unknown - Visual Review Required,JEFFERSON_TAX_LIEN,2026-04-28T22:01:09.380Z,,,,,,"https://www.google.com/maps/search/?api=1&query=33.504326,-86.791187","https://earth.google.com/web/search/33.504326,-86.791187",1343800
28 00 06 2 005 007.000,CHOAM LLC,2309 10TH CT S,Birmingham,AL,35205,33.503856,-86.7912756,CHOAM LLC,"217 COUNTRY CLUB PARK #434, BIRMINGHAM, AL, 35213",Commercial (Class 2),Unknown - Visual Review Required,Unknown - Visual Review Required,JEFFERSON_TAX_LIEN,2026-04-28T22:00:14.620Z,,,,,,"https://www.google.com/maps/search/?api=1&query=33.503856,-86.7912756","https://earth.google.com/web/search/33.503856,-86.7912756",271400
28 00 06 3 002 004.000,KENNEDY DEV PROPERTIES INC,2200 15TH AVE S,Birmingham,AL,35205,33.4939161,-86.7991263,KENNEDY DEV PROPERTIES INC,"P O BOX 110014, BIRMINGHAM, AL, 35211",Commercial (Class 2),Unknown - Visual Review Required,Unknown - Visual Review Required,JEFFERSON_TAX_LIEN,2026-04-28T22:00:37.007Z,,,,,,"https://www.google.com/maps/search/?api=1&query=33.4939161,-86.7991263","https://earth.google.com/web/search/33.4939161,-86.7991263",400
28 00 06 3 021 005.307,DYER & COOK INVESTMENTS LLC,1901 16TH AVE S,Birmingham,AL,35205,33.494772,-86.7942656,DYER & COOK INVESTMENTS LLC,"2248 WATERVIEW TRAIL, QUINTON, AL, 35130",Commercial (Class 2),Unknown - Visual Review Required,Unknown - Visual Review Required,JEFFERSON_TAX_LIEN,2026-04-28T22:00:20.893Z,,,,,,"https://www.google.com/maps/search/?api=1&query=33.494772,-86.7942656","https://earth.google.com/web/search/33.494772,-86.7942656",98900
28 00 06 4 006 004.309,TIMOTHY A. SMITH,2403 ARLINGTON CRES,Birmingham,AL,35205,33.4980224,-86.7864193,TIMOTHY A. SMITH,"5937 SOUTHCREST RD, BIRMINGHAM, AL, 35213",Commercial (Class 2),Unknown - Visual Review Required,Unknown - Visual Review Required,JEFFERSON_TAX_LIEN,2026-04-28T22:01:04.393Z,,,,,,"https://www.google.com/maps/search/?api=1&query=33.4980224,-86.7864193","https://earth.google.com/web/search/33.4980224,-86.7864193",55500
29 00 01 1 029 002.000,STONE 11TH STREET LLC,1008 17TH ST S,Birmingham,AL,35205,33.4996278,-86.8013534,STONE 11TH STREET LLC,"1629 10TH AVE S, BIRMINGHAM, AL, 35205-3513",Commercial (Class 2),Unknown - Visual Review Required,Unknown - Visual Review Required,JEFFERSON_TAX_LIEN,2026-04-28T22:01:01.680Z,,,,,,"https://www.google.com/maps/search/?api=1&query=33.4996278,-86.8013534","https://earth.google.com/web/search/33.4996278,-86.8013534",715700
29 00 01 3 013 020.000,WILLIAMS EDWINA WARE,1110 11TH ST S,Birmingham,AL,35205,33.4946454,-86.8107666,WILLIAMS EDWINA WARE,"113 HUNTINGTON RIDGE RD, MADISON, AL, 35757",Commercial (Class 2),Unknown - Visual Review Required,Unknown - Visual Review Required,JEFFERSON_TAX_LIEN,2026-04-28T22:01:09.803Z,,,,,,"https://www.google.com/maps/search/?api=1&query=33.4946454,-86.8107666","https://earth.google.com/web/search/33.4946454,-86.8107666",221000
29 00 01 3 018 012.000,SEIBELS FRANCES ESTES,1435 11TH PL S,Birmingham,AL,35205,33.4926247,-86.8091553,SEIBELS FRANCES ESTES,"75 FAIRWAY DR, MOUNTAIN BRK, AL, 35213-4240",Commercial (Class 2),Unknown - Visual Review Required,Unknown - Visual Review Required,JEFFERSON_TAX_LIEN,2026-04-28T22:00:57.280Z,,,,,,"https://www.google.com/maps/search/?api=1&query=33.4926247,-86.8091553","https://earth.google.com/web/search/33.4926247,-86.8091553",400
29 00 01 3 020 005.000,GS HOLDINGS LLC,1421 13TH ST S,Birmingham,AL,35205,33.4932648,-86.805512,GS HOLDINGS LLC,"2117 PINECREST DR, VESTAVIA HILLS, AL, 35216",Commercial (Class 2),Unknown - Visual Review Required,Unknown - Visual Review Required,JEFFERSON_TAX_LIEN,2026-04-28T22:00:27.540Z,,,,,,"https://www.google.com/maps/search/?api=1&query=33.4932648,-86.805512","https://earth.google.com/web/search/33.4932648,-86.805512",263400
29 00 01 4 003 016.005,1722 TOWN HOUSE LLC,1722 13TH CT S,Birmingham,AL,35205,33.4963274,-86.7979162,1722 TOWN HOUSE LLC,"1312 18TH AVE S, BIRMINGHAM, AL, 35205",Commercial (Class 2),Unknown - Visual Review Required,Unknown - Visual Review Required,JEFFERSON_TAX_LIEN,2026-04-28T22:00:02.427Z,,,,,,"https://www.google.com/maps/search/?api=1&query=33.4963274,-86.7979162","https://earth.google.com/web/search/33.4963274,-86.7979162",208600
29 00 01 4 006 003.012,LIN & DONG PROPERTY LLC,1725 14TH CT S,Birmingham,AL,35205,33.4948263,-86.7977796,LIN & DONG PROPERTY LLC,"1725 14TH CT S, BIRMINGHAM, AL, 35205",Commercial (Class 2),Unknown - Visual Review Required,Unknown - Visual Review Required,JEFFERSON_TAX_LIEN,2026-04-28T22:00:39.840Z,,,,,,"https://www.google.com/maps/search/?api=1&query=33.4948263,-86.7977796","https://earth.google.com/web/search/33.4948263,-86.7977796",230000
29 00 01 4 010 022.001,VICTORIA SQUARE CONDO OWNERS,1580 16TH AVE S,Birmingham,AL,35205,33.4920559,-86.8002919,VICTORIA SQUARE CONDO OWNERS,"1425 RICHARD ARRINGTON BLVD S STE 100, BIRMINGHAM, AL, 35205",Commercial (Class 2),Unknown - Visual Review Required,Unknown - Visual Review Required,JEFFERSON_TAX_LIEN,2026-04-28T22:01:06.610Z,,,,,,"https://www.google.com/maps/search/?api=1&query=33.4920559,-86.8002919","https://earth.google.com/web/search/33.4920559,-86.8002919",5500
29 00 01 4 012 008.001,SEEBACH AMYE VON,1317 16TH ST S,Birmingham,AL,35205,33.495076,-86.801024,SEEBACH AMYE VON,"4112 24TH AVE S, MINNEAPOLIS, MN, 55406",Commercial (Class 2),Unknown - Visual Review Required,Unknown - Visual Review Required,JEFFERSON_TAX_LIEN,2026-04-28T22:00:57.230Z,,,,,,"https://www.google.com/maps/search/?api=1&query=33.495076,-86.801024","https://earth.google.com/web/search/33.495076,-86.801024",80200
29 00 02 2 018 006.000,BIRMINGHAM PROPERTY GROUP LLC,321 DIVISION AVE,Birmingham,AL,35205,33.5010054,-86.8287484,BIRMINGHAM PROPERTY GROUP LLC,"2317 3RD AVENUE NORTH   SUITE 101, BIRMINGHAM, AL, 35203",Commercial (Class 2),Unknown - Visual Review Required,Unknown - Visual Review Required,JEFFERSON_TAX_LIEN,2026-04-28T22:00:09.053Z,,,,,,"https://www.google.com/maps/search/?api=1&query=33.5010054,-86.8287484","https://earth.google.com/web/search/33.5010054,-86.8287484",17800
29 00 02 2 018 009.000,BIRMINGHAM PROPERTY GROUP LLC,3 3RD ST S,Birmingham,AL,35205,33.5006793,-86.8284251,BIRMINGHAM PROPERTY GROUP LLC,"2317 3RD AVE N    SUITE 101, BIRMINGHAM, AL, 35203",Commercial (Class 2),Unknown - Visual Review Required,Unknown - Visual Review Required,JEFFERSON_TAX_LIEN,2026-04-28T22:00:09.053Z,,,,,,"https://www.google.com/maps/search/?api=1&query=33.5006793,-86.8284251","https://earth.google.com/web/search/33.5006793,-86.8284251",3900
29 00 02 2 018 014.000,BIRMINGHAM PROPERTY GROUP LLC,318 POWELL AVE,Birmingham,AL,35205,33.501176,-86.827973,BIRMINGHAM PROPERTY GROUP LLC,"2317 3RD AVE N   STE 101, BIRMINGHAM, AL, 35203",Commercial (Class 2),Unknown - Visual Review Required,Unknown - Visual Review Required,JEFFERSON_TAX_LIEN,2026-04-28T22:00:09.053Z,,,,,,"https://www.google.com/maps/search/?api=1&query=33.501176,-86.827973","https://earth.google.com/web/search/33.501176,-86.827973",4400
29 00 02 2 019 002.000,BIRMINGHAM PROPERTY GROUP LLC,221 DIVISION CT,Birmingham,AL,35205,33.5005499,-86.8334535,BIRMINGHAM PROPERTY GROUP LLC,"2317 3RD AVE N    STE 101, BIRMINGHAM, AL, 35203",Commercial (Class 2),Unknown - Visual Review Required,Unknown - Visual Review Required,JEFFERSON_TAX_LIEN,2026-04-28T22:00:09.053Z,,,,,,"https://www.google.com/maps/search/?api=1&query=33.5005499,-86.8334535","https://earth.google.com/web/search/33.5005499,-86.8334535",7400
29 00 02 2 019 004.000,BIRMINGHAM PROPERTY GROUP LLC,8 3RD ST S,Birmingham,AL,35205,33.5005924,-86.8286125,BIRMINGHAM PROPERTY GROUP LLC,"2317 3RD AVE N    SUITE 101, BIRMINGHAM, AL, 35203",Commercial (Class 2),Unknown - Visual Review Required,Unknown - Visual Review Required,JEFFERSON_TAX_LIEN,2026-04-28T22:00:09.053Z,,,,,,"https://www.google.com/maps/search/?api=1&query=33.5005924,-86.8286125","https://earth.google.com/web/search/33.5005924,-86.8286125",2800
29 00 02 2 020 002.000,BIRMINGHAM LAND BANK AUTHORITY,231 DIVISION CT,Birmingham,AL,35205,33.5005537,-86.8334423,BIRMINGHAM LAND BANK AUTHORITY,"710 20TH ST N, BIRMINGHAM, AL, 35203",Commercial (Class 2),Unknown - Visual Review Required,Unknown - Visual Review Required,JEFFERSON_TAX_LIEN,2026-04-28T22:00:08.940Z,,,,,,"https://www.google.com/maps/search/?api=1&query=33.5005537,-86.8334423","https://earth.google.com/web/search/33.5005537,-86.8334423",9800
29 00 02 2 020 006.000,BIRMINGHAM PROPERTY GROUP LLC,108 POWELL AVE,Birmingham,AL,35205,33.5002761,-86.8306399,BIRMINGHAM PROPERTY GROUP LLC,"2317 3RD AVE N   SUITE 101, BIRMINGHAM, AL, 35203",Commercial (Class 2),Unknown - Visual Review Required,Unknown - Visual Review Required,JEFFERSON_TAX_LIEN,2026-04-28T22:00:09.057Z,,,,,,"https://www.google.com/maps/search/?api=1&query=33.5002761,-86.8306399","https://earth.google.com/web/search/33.5002761,-86.8306399",13300
29 00 02 2 020 007.000,BIRMINGHAM PROPERTY GROUP LLC,112 POWELL AVE,Birmingham,AL,35205,33.5002796,-86.8305948,BIRMINGHAM PROPERTY GROUP LLC,"2317 3RD AVE N    SUITE 101, BIRMINGHAM, AL, 35203",Commercial (Class 2),Unknown - Visual Review Required,Unknown - Visual Review Required,JEFFERSON_TAX_LIEN,2026-04-28T22:00:09.057Z,,,,,,"https://www.google.com/maps/search/?api=1&query=33.5002796,-86.8305948","https://earth.google.com/web/search/33.5002796,-86.8305948",5800
29 00 02 2 020 007.001,BIRMINGHAM PROPERTY GROUP LLC,110 POWELL AVE,Birmingham,AL,35205,33.5002778,-86.8306173,BIRMINGHAM PROPERTY GROUP LLC,"2317 3RD AVE N   SUITE 101, BIRMINGHAM, AL, 35203",Commercial (Class 2),Unknown - Visual Review Required,Unknown - Visual Review Required,JEFFERSON_TAX_LIEN,2026-04-28T22:00:09.057Z,,,,,,"https://www.google.com/maps/search/?api=1&query=33.5002778,-86.8306173","https://earth.google.com/web/search/33.5002778,-86.8306173",9300
29 00 02 2 020 008.001,BIRMINGHAM PROPERTY GROUP LLC,124 POWELL AVE,Birmingham,AL,35205,33.5002902,-86.8304596,BIRMINGHAM PROPERTY GROUP LLC,"2317 3RD AVENUE NORTH SUITE 101, BIRMINGHAM, AL, 35203",Commercial (Class 2),Unknown - Visual Review Required,Unknown - Visual Review Required,JEFFERSON_TAX_LIEN,2026-04-28T22:00:09.057Z,,,,,,"https://www.google.com/maps/search/?api=1&query=33.5002902,-86.8304596","https://earth.google.com/web/search/33.5002902,-86.8304596",10300
29 00 02 2 020 010.000,HEDDEN BENJAMIN (R/S),200 POWELL AVE,Birmingham,AL,35205,33.500401,-86.829318,HEDDEN BENJAMIN (R/S),"405 GOLF DRIVE, HOOVER, AL, 35226",Commercial (Class 2),Unknown - Visual Review Required,Unknown - Visual Review Required,JEFFERSON_TAX_LIEN,2026-04-28T22:00:29.913Z,,,,,,"https://www.google.com/maps/search/?api=1&query=33.500401,-86.829318","https://earth.google.com/web/search/33.500401,-86.829318",5700
29 00 02 2 020 011.000,BIRMINGHAM PROPERTY GROUP LLC,204 POWELL AVE,Birmingham,AL,35205,33.500402,-86.829288,BIRMINGHAM PROPERTY GROUP LLC,"2317 3RD AVE N    STE 101, BIRMINGHAM, AL, 35203",Commercial (Class 2),Unknown - Visual Review Required,Unknown - Visual Review Required,JEFFERSON_TAX_LIEN,2026-04-28T22:00:09.057Z,,,,,,"https://www.google.com/maps/search/?api=1&query=33.500402,-86.829288","https://earth.google.com/web/search/33.500402,-86.829288",5900
29 00 02 2 020 013.000,BIRMINGHAM PROPERTY GROUP LLC,212 POWELL AVE,Birmingham,AL,35205,33.5004039,-86.8292279,BIRMINGHAM PROPERTY GROUP LLC,"2317 3RD AVE N STE 101, BIRMINGHAM, AL, 35203",Commercial (Class 2),Unknown - Visual Review Required,Unknown - Visual Review Required,JEFFERSON_TAX_LIEN,2026-04-28T22:00:09.060Z,,,,,,"https://www.google.com/maps/search/?api=1&query=33.5004039,-86.8292279","https://earth.google.com/web/search/33.5004039,-86.8292279",10000
29 00 02 2 020 017.000,BIRMINGHAM PROPERTY GROUP LLC,12 3RD ST S,Birmingham,AL,35205,33.5005503,-86.8285927,BIRMINGHAM PROPERTY GROUP LLC,"2317 3RD AVENUE NORTH   SUITE 101, BIRMINGHAM, AL, 35203",Commercial (Class 2),Unknown - Visual Review Required,Unknown - Visual Review Required,JEFFERSON_TAX_LIEN,2026-04-28T22:00:09.060Z,,,,,,"https://www.google.com/maps/search/?api=1&query=33.5005503,-86.8285927","https://earth.google.com/web/search/33.5005503,-86.8285927",4300
29 00 02 2 021 003.000,BIRMINGHAM PROPERTY GROUP LLC,209 POWELL AVE,Birmingham,AL,35205,33.5002355,-86.8292474,BIRMINGHAM PROPERTY GROUP LLC,"2317 3RD AVENUE NORTH   SUITE 101, BIRMINGHAM, AL, 35203",Commercial (Class 2),Unknown - Visual Review Required,Unknown - Visual Review Required,JEFFERSON_TAX_LIEN,2026-04-28T22:00:09.060Z,,,,,,"https://www.google.com/maps/search/?api=1&query=33.5002355,-86.8292474","https://earth.google.com/web/search/33.5002355,-86.8292474",14400
29 00 02 2 021 008.000,BIRMINGHAM PROPERTY GROUP LLC,111 POWELL AVE,Birmingham,AL,35205,33.5000921,-86.8301808,BIRMINGHAM PROPERTY GROUP LLC,"2317 3RD AVE NORTH  SUITE 101, BIRMINGHAM, AL, 35203",Commercial (Class 2),Unknown - Visual Review Required,Unknown - Visual Review Required,JEFFERSON_TAX_LIEN,2026-04-28T22:00:09.060Z,,,,,,"https://www.google.com/maps/search/?api=1&query=33.5000921,-86.8301808","https://earth.google.com/web/search/33.5000921,-86.8301808",14800
29 00 02 2 021 020.000,SALAZAR SILVA NINSI LISSETT,118 KAPPA AVE,Birmingham,AL,35205,33.4995646,-86.8300316,SALAZAR SILVA NINSI LISSETT,"111 3RD AVENUE S, BIRMINGHAM, AL, 35205",Commercial (Class 2),Unknown - Visual Review Required,Unknown - Visual Review Required,JEFFERSON_TAX_LIEN,2026-04-28T22:00:56.090Z,,,,,,"https://www.google.com/maps/search/?api=1&query=33.4995646,-86.8300316","https://earth.google.com/web/search/33.4995646,-86.8300316",26700
29 00 02 2 021 023.000,TIPTON MILLIE,124 KAPPA AVE,Birmingham,AL,35205,33.4995845,-86.829782,TIPTON MILLIE,"3037 WENONAH RD SW, BIRMINGHAM, AL, 35211-5733",Commercial (Class 2),Unknown - Visual Review Required,Unknown - Visual Review Required,JEFFERSON_TAX_LIEN,2026-04-28T22:01:04.440Z,,,,,,"https://www.google.com/maps/search/?api=1&query=33.4995845,-86.829782","https://earth.google.com/web/search/33.4995845,-86.829782",67100
29 00 02 2 021 028.000,ESCALANTE OGLER,204 KAPPA AVE,Birmingham,AL,35205,33.4995685,-86.8292508,ESCALANTE OGLER,"240 21ST AVE APT 27, BIRMINGHAM, AL, 35205",Commercial (Class 2),Unknown - Visual Review Required,Unknown - Visual Review Required,JEFFERSON_TAX_LIEN,2026-04-28T22:00:22.013Z,,,,,,"https://www.google.com/maps/search/?api=1&query=33.4995685,-86.8292508","https://earth.google.com/web/search/33.4995685,-86.8292508",29700
29 00 02 2 021 031.000,ENTREPRENEUR EMPOWERMENT LLC,212 KAPPA AVE,Birmingham,AL,35205,33.4995441,-86.8288705,ENTREPRENEUR EMPOWERMENT LLC,"1394 PARK AVE, BIRMINGHAM, AL, 35217",Commercial (Class 2),Unknown - Visual Review Required,Unknown - Visual Review Required,JEFFERSON_TAX_LIEN,2026-04-28T22:00:21.870Z,,,,,,"https://www.google.com/maps/search/?api=1&query=33.4995441,-86.8288705","https://earth.google.com/web/search/33.4995441,-86.8288705",18600
29 00 02 2 022 001.000,RADFORD WILLA,32 3RD PL S,Birmingham,AL,35205,33.5008839,-86.8279274,RADFORD WILLA,"816 60TH ST, FAIRFIELD, AL, 35064-2503",Commercial (Class 2),Unknown - Visual Review Required,Unknown - Visual Review Required,JEFFERSON_TAX_LIEN,2026-04-28T22:00:52.543Z,,,,,,"https://www.google.com/maps/search/?api=1&query=33.5008839,-86.8279274","https://earth.google.com/web/search/33.5008839,-86.8279274",13300
29 00 02 2 022 002.000,BIRMINGHAM PROPERTY GROUP LLC,307 POWELL AVE,Birmingham,AL,35205,33.5009946,-86.8283482,BIRMINGHAM PROPERTY GROUP LLC,"2317 3RD AVE NORTH    SUITE 101, BIRMINGHAM, AL, 35203",Commercial (Class 2),Unknown - Visual Review Required,Unknown - Visual Review Required,JEFFERSON_TAX_LIEN,2026-04-28T22:00:09.060Z,,,,,,"https://www.google.com/maps/search/?api=1&query=33.5009946,-86.8283482","https://earth.google.com/web/search/33.5009946,-86.8283482",4400
29 00 02 2 022 003.000,BIRMINGHAM PROPERTY GROUP LLC,29 3RD ST S,Birmingham,AL,35205,33.5006089,-86.8286177,BIRMINGHAM PROPERTY GROUP LLC,"2317 3RD AVENUE NORTH   SUITE 101, BIRMINGHAM, AL, 35203",Commercial (Class 2),Unknown - Visual Review Required,Unknown - Visual Review Required,JEFFERSON_TAX_LIEN,2026-04-28T22:00:09.060Z,,,,,,"https://www.google.com/maps/search/?api=1&query=33.5006089,-86.8286177","https://earth.google.com/web/search/33.5006089,-86.8286177",5700
29 00 02 2 022 007.000,BIRMINGHAM PROPERTY GROUP LLC,45 3RD ST S,Birmingham,AL,35205,33.5002336,-86.8282774,BIRMINGHAM PROPERTY GROUP LLC,"2317 3RD AVE N    SUITE 101, BIRMINGHAM, AL, 35203",Commercial (Class 2),Unknown - Visual Review Required,Unknown - Visual Review Required,JEFFERSON_TAX_LIEN,2026-04-28T22:00:09.060Z,,,,,,"https://www.google.com/maps/search/?api=1&query=33.5002336,-86.8282774","https://earth.google.com/web/search/33.5002336,-86.8282774",3000
29 00 02 2 022 009.000,BIRMINGHAM PROPERTY GROUP LLC,49 3RD ST S,Birmingham,AL,35205,33.5002143,-86.8282788,BIRMINGHAM PROPERTY GROUP LLC,"2317 3RD AVE N SUITE 101, BIRMINGHAM, AL, 35203",Commercial (Class 2),Unknown - Visual Review Required,Unknown - Visual Review Required,JEFFERSON_TAX_LIEN,2026-04-28T22:00:09.063Z,,,,,,"https://www.google.com/maps/search/?api=1&query=33.5002143,-86.8282788","https://earth.google.com/web/search/33.5002143,-86.8282788",3000
29 00 02 2 022 012.000,BIRMINGHAM PROPERTY GROUP LLC,55 3RD ST S,Birmingham,AL,35205,33.5005626,-86.8285985,BIRMINGHAM PROPERTY GROUP LLC,"2317 3RD AVE N   SUITE 101, BIRMINGHAM, AL, 35203",Commercial (Class 2),Unknown - Visual Review Required,Unknown - Visual Review Required,JEFFERSON_TAX_LIEN,2026-04-28T22:00:09.063Z,,,,,,"https://www.google.com/maps/search/?api=1&query=33.5005626,-86.8285985","https://earth.google.com/web/search/33.5005626,-86.8285985",3000
29 00 02 2 022 013.000,BIRMINGHAM PROPERTY GROUP LLC,57 3RD ST S,Birmingham,AL,35205,33.500559,-86.8285968,BIRMINGHAM PROPERTY GROUP LLC,"2317 3RD AVE N  STE 101, BIRMINGHAM, AL, 35203",Commercial (Class 2),Unknown - Visual Review Required,Unknown - Visual Review Required,JEFFERSON_TAX_LIEN,2026-04-28T22:00:09.063Z,,,,,,"https://www.google.com/maps/search/?api=1&query=33.500559,-86.8285968","https://earth.google.com/web/search/33.500559,-86.8285968",3000
29 00 02 2 022 015.000,GARNER MARIE L & HENRY PATTON,312 IOTA AVE,Birmingham,AL,35205,33.4998465,-86.8276828,GARNER MARIE L & HENRY PATTON,"1704 7TH AVE W, BIRMINGHAM, AL, 35208-2304",Commercial (Class 2),Unknown - Visual Review Required,Unknown - Visual Review Required,JEFFERSON_TAX_LIEN,2026-04-28T22:00:25.050Z,,,,,,"https://www.google.com/maps/search/?api=1&query=33.4998465,-86.8276828","https://earth.google.com/web/search/33.4998465,-86.8276828",10300
29 00 02 2 022 024.000,KENNEDY DEV PROPERTIES INC,345 THETA AVE S,Birmingham,AL,35205,33.5005852,-86.8271312,KENNEDY DEV PROPERTIES INC,"P O BOX 110014, BIRMINGHAM, AL, 35211",Commercial (Class 2),Unknown - Visual Review Required,Unknown - Visual Review Required,JEFFERSON_TAX_LIEN,2026-04-28T22:00:37.010Z,,,,,,"https://www.google.com/maps/search/?api=1&query=33.5005852,-86.8271312","https://earth.google.com/web/search/33.5005852,-86.8271312",6200
29 00 02 2 022 025.000,WHITE VIRGINIA M,341 THETA AVE S,Birmingham,AL,35205,33.5005877,-86.8271797,WHITE VIRGINIA M,"1226 N CENTRAL AVE, CHICAGO, IL, 60651-1247",Commercial (Class 2),Unknown - Visual Review Required,Unknown - Visual Review Required,JEFFERSON_TAX_LIEN,2026-04-28T22:01:09.200Z,,,,,,"https://www.google.com/maps/search/?api=1&query=33.5005877,-86.8271797","https://earth.google.com/web/search/33.5005877,-86.8271797",6200
29 00 02 2 023 009.000,JARED MILLER,40 OMEGA ST,Birmingham,AL,35205,33.5015217,-86.8264558,JARED MILLER,"6814 TRAILBLAZER WAY, DALLAS, TX, 75236",Commercial (Class 2),Unknown - Visual Review Required,Unknown - Visual Review Required,JEFFERSON_TAX_LIEN,2026-04-28T22:00:34.173Z,,,,,,"https://www.google.com/maps/search/?api=1&query=33.5015217,-86.8264558","https://earth.google.com/web/search/33.5015217,-86.8264558",3000
29 00 02 2 024 012.000,BIRMINGHAM PROPERTY GROUP LLC,413 THETA AVE S,Birmingham,AL,35205,33.5005117,-86.8258131,BIRMINGHAM PROPERTY GROUP LLC,"2317 3RD AVE N, BIRMINGHAM, AL, 35203",Commercial (Class 2),Unknown - Visual Review Required,Unknown - Visual Review Required,JEFFERSON_TAX_LIEN,2026-04-28T22:00:09.063Z,,,,,,"https://www.google.com/maps/search/?api=1&query=33.5005117,-86.8258131","https://earth.google.com/web/search/33.5005117,-86.8258131",3700
29 00 02 2 024 016.000,WILLIAMS MARGARET I (R/S),107 OMEGA ST,Birmingham,AL,35205,33.5003284,-86.8262686,WILLIAMS MARGARET I (R/S),"7235 BRAMBLEBUSH DRIVE, FRISCO, TX, 75033",Commercial (Class 2),Unknown - Visual Review Required,Unknown - Visual Review Required,JEFFERSON_TAX_LIEN,2026-04-28T22:01:10.033Z,,,,,,"https://www.google.com/maps/search/?api=1&query=33.5003284,-86.8262686","https://earth.google.com/web/search/33.5003284,-86.8262686",12300
29 00 02 2 024 017.000,JAMES RAYMOND,109 OMEGA ST,Birmingham,AL,35205,33.5004818,-86.8262319,JAMES RAYMOND,"5309 AVE P, BIRMINGHAM, AL, 35208",Commercial (Class 2),Unknown - Visual Review Required,Unknown - Visual Review Required,JEFFERSON_TAX_LIEN,2026-04-28T22:00:34.117Z,,,,,,"https://www.google.com/maps/search/?api=1&query=33.5004818,-86.8262319","https://earth.google.com/web/search/33.5004818,-86.8262319",5700
29 00 02 2 024 021.000,BIRMINGHAM PROPERTY GROUP LLC (R/S),412 IOTA AVE,Birmingham,AL,35205,33.4997189,-86.8257718,BIRMINGHAM PROPERTY GROUP LLC (R/S),"2317 3RD AVENUE NORTH, BIRMINGHAM, AL, 35203",Commercial (Class 2),Unknown - Visual Review Required,Unknown - Visual Review Required,JEFFERSON_TAX_LIEN,2026-04-28T22:00:09.090Z,,,,,,"https://www.google.com/maps/search/?api=1&query=33.4997189,-86.8257718","https://earth.google.com/web/search/33.4997189,-86.8257718",6100
29 00 02 2 025 019.000,BIRMINGHAM PROPERTY GROUP LLC,421 IOTA AVE,Birmingham,AL,35205,33.49954,-86.8254613,BIRMINGHAM PROPERTY GROUP LLC,"2317 3RD AVE N    SUITE 101, BIRMINGHAM, AL, 35203",Commercial (Class 2),Unknown - Visual Review Required,Unknown - Visual Review Required,JEFFERSON_TAX_LIEN,2026-04-28T22:00:09.063Z,,,,,,"https://www.google.com/maps/search/?api=1&query=33.49954,-86.8254613","https://earth.google.com/web/search/33.49954,-86.8254613",5500
29 00 02 2 025 020.000,BIRMINGHAM PROPERTY GROUP LLC (R/S),417 IOTA AVE,Birmingham,AL,35205,33.4995468,-86.8256083,BIRMINGHAM PROPERTY GROUP LLC (R/S),"2317 3RD AVE N SUITE 101, BIRMINGHAM, AL, 35203",Commercial (Class 2),Unknown - Visual Review Required,Unknown - Visual Review Required,JEFFERSON_TAX_LIEN,2026-04-28T22:00:09.090Z,,,,,,"https://www.google.com/maps/search/?api=1&query=33.4995468,-86.8256083","https://earth.google.com/web/search/33.4995468,-86.8256083",5500
29 00 02 2 025 039.000,WITT EDWARD E. JR,452 KAPPA AVE,Birmingham,AL,35205,33.498948,-86.8240612,WITT EDWARD E. JR,"660 FLAG CIR, HOOVER, AL, 35226",Commercial (Class 2),Unknown - Visual Review Required,Unknown - Visual Review Required,JEFFERSON_TAX_LIEN,2026-04-28T22:01:10.890Z,,,,,,"https://www.google.com/maps/search/?api=1&query=33.498948,-86.8240612","https://earth.google.com/web/search/33.498948,-86.8240612",52200
29 00 02 2 026 010.000,BIRMINGHAM PROPERTY GROUP LLC,306 KAPPA AVE,Birmingham,AL,35205,33.4989781,-86.8276593,BIRMINGHAM PROPERTY GROUP LLC,"2317 3RD AVE N SUITE 101, BIRMINGHAM, AL, 35203",Commercial (Class 2),Unknown - Visual Review Required,Unknown - Visual Review Required,JEFFERSON_TAX_LIEN,2026-04-28T22:00:09.067Z,,,,,,"https://www.google.com/maps/search/?api=1&query=33.4989781,-86.8276593","https://earth.google.com/web/search/33.4989781,-86.8276593",9100
29 00 02 2 027 008.000,GREEN JOSEPHINE,100 3RD PL S,Birmingham,AL,35205,33.499647,-86.827964,GREEN JOSEPHINE,"100 3RD PL S, BIRMINGHAM, AL, 35205-3213",Commercial (Class 2),Unknown - Visual Review Required,Unknown - Visual Review Required,JEFFERSON_TAX_LIEN,2026-04-28T22:00:27.043Z,,,,,,"https://www.google.com/maps/search/?api=1&query=33.499647,-86.827964","https://earth.google.com/web/search/33.499647,-86.827964",4000
29 00 02 2 028 003.000,BIRMINGHAM PROPERTY GROUP LLC,213 KAPPA AVE,Birmingham,AL,35205,33.4993284,-86.8292547,BIRMINGHAM PROPERTY GROUP LLC,"2317 3RD AVE N    SUITE 101, BIRMINGHAM, AL, 35203",Commercial (Class 2),Unknown - Visual Review Required,Unknown - Visual Review Required,JEFFERSON_TAX_LIEN,2026-04-28T22:00:09.067Z,,,,,,"https://www.google.com/maps/search/?api=1&query=33.4993284,-86.8292547","https://earth.google.com/web/search/33.4993284,-86.8292547",6100
29 00 02 2 028 004.000,ARJUN,209 KAPPA AVE,Birmingham,AL,35205,33.4993289,-86.8292858,ARJUN,"2317 3RD AVE N    SUITE 101, BIRMINGHAM, AL, 35203",Commercial (Class 2),Unknown - Visual Review Required,Unknown - Visual Review Required,JEFFERSON_TAX_LIEN,2026-04-28T22:00:05.083Z,,,,,,"https://www.google.com/maps/search/?api=1&query=33.4993289,-86.8292858","https://earth.google.com/web/search/33.4993289,-86.8292858",10400
29 00 02 2 028 006.000,HICKS OLLIE,201 KAPPA AVE,Birmingham,AL,35205,33.4992651,-86.829413,HICKS OLLIE,"1437 MATT LEONARD DR SW, BIRMINGHAM, AL, 35211-5064",Commercial (Class 2),Unknown - Visual Review Required,Unknown - Visual Review Required,JEFFERSON_TAX_LIEN,2026-04-28T22:00:30.557Z,,,,,,"https://www.google.com/maps/search/?api=1&query=33.4992651,-86.829413","https://earth.google.com/web/search/33.4992651,-86.829413",21100
29 00 02 2 029 003.000,HORN STEPHANIE MICHELLE,111 KAPPA AVE,Birmingham,AL,35205,33.4993494,-86.8303365,HORN STEPHANIE MICHELLE,"1695 FULTON AVE SW, BIRMINGHAM, AL, 35211",Commercial (Class 2),Unknown - Visual Review Required,Unknown - Visual Review Required,JEFFERSON_TAX_LIEN,2026-04-28T22:00:31.917Z,,,,,,"https://www.google.com/maps/search/?api=1&query=33.4993494,-86.8303365","https://earth.google.com/web/search/33.4993494,-86.8303365",5300
29 00 02 3 001 014.000,WHETSTONE TROY,422 6TH AVE S,Birmingham,AL,35205,33.4965543,-86.8228375,WHETSTONE TROY,"5890 MOCKINGBIRD LN, PINSON, AL, 35126",Commercial (Class 2),Unknown - Visual Review Required,Unknown - Visual Review Required,JEFFERSON_TAX_LIEN,2026-04-28T22:01:08.953Z,,,,,,"https://www.google.com/maps/search/?api=1&query=33.4965543,-86.8228375","https://earth.google.com/web/search/33.4965543,-86.8228375",76800
29 00 02 3 001 020.000,TAYLOR PATRICIA,520 ALPHA ST,Birmingham,AL,35205,33.4974978,-86.8223675,TAYLOR PATRICIA,"3424 CLEBURN AVE SW, BIRMINGHAM, AL, 35221",Commercial (Class 2),Unknown - Visual Review Required,Unknown - Visual Review Required,JEFFERSON_TAX_LIEN,2026-04-28T22:01:03.110Z,,,,,,"https://www.google.com/maps/search/?api=1&query=33.4974978,-86.8223675","https://earth.google.com/web/search/33.4974978,-86.8223675",4900
29 00 02 3 001 022.000,PERRY MICHAEL,512 ALPHA ST,Birmingham,AL,35205,33.4975629,-86.8223679,PERRY MICHAEL,"41337 ALMOND AVE, PALMDALE, CA, 93551-2841",Commercial (Class 2),Unknown - Visual Review Required,Unknown - Visual Review Required,JEFFERSON_TAX_LIEN,2026-04-28T22:00:50.520Z,,,,,,"https://www.google.com/maps/search/?api=1&query=33.4975629,-86.8223679","https://earth.google.com/web/search/33.4975629,-86.8223679",5700
29 00 02 3 001 027.000,BIRMINGHAM PROPERTY GROUP LLC,400 ALPHA ST,Birmingham,AL,35205,33.498388,-86.822241,BIRMINGHAM PROPERTY GROUP LLC,"2317 3RD AVE NORTH, BIRMINGHAM, AL, 35213",Commercial (Class 2),Unknown - Visual Review Required,Unknown - Visual Review Required,JEFFERSON_TAX_LIEN,2026-04-28T22:00:09.067Z,,,,,,"https://www.google.com/maps/search/?api=1&query=33.498388,-86.822241","https://earth.google.com/web/search/33.498388,-86.822241",5700
29 00 02 3 003 005.000,BIRMINGHAM PROPERTY GROUP LLC,420 4TH AVE S,Birmingham,AL,35205,33.497477,-86.8259357,BIRMINGHAM PROPERTY GROUP LLC,"2317 3RD AVE N    STE 101, BIRMINGHAM, AL, 35203",Commercial (Class 2),Unknown - Visual Review Required,Unknown - Visual Review Required,JEFFERSON_TAX_LIEN,2026-04-28T22:00:09.067Z,,,,,,"https://www.google.com/maps/search/?api=1&query=33.497477,-86.8259357","https://earth.google.com/web/search/33.497477,-86.8259357",5000
29 00 02 3 004 005.000,HEARTH & HOME INVESTMENTS LLC,411 KAPPA AVE,Birmingham,AL,35205,33.4989329,-86.8259853,HEARTH & HOME INVESTMENTS LLC,"18 DEXTER LANE, KING PARK, NY, 11754",Commercial (Class 2),Unknown - Visual Review Required,Unknown - Visual Review Required,JEFFERSON_TAX_LIEN,2026-04-28T22:00:29.847Z,,,,,,"https://www.google.com/maps/search/?api=1&query=33.4989329,-86.8259853","https://earth.google.com/web/search/33.4989329,-86.8259853",19800
29 00 02 3 004 008.000,HARTON CHRISTOPHER,407 KAPPA AVE,Birmingham,AL,35205,33.4989344,-86.8260536,HARTON CHRISTOPHER,"PO BOX 110203, BIRMINGHAM, AL, 35211",Commercial (Class 2),Unknown - Visual Review Required,Unknown - Visual Review Required,JEFFERSON_TAX_LIEN,2026-04-28T22:00:29.337Z,,,,,,"https://www.google.com/maps/search/?api=1&query=33.4989344,-86.8260536","https://earth.google.com/web/search/33.4989344,-86.8260536",12200
29 00 02 3 004 016.000,AMFLOWERS LLC,329 OMEGA ST,Birmingham,AL,35205,33.4978794,-86.826142,AMFLOWERS LLC,"147 HOBBS DRIVE, FRANKLIN, TN, 37064",Commercial (Class 2),Unknown - Visual Review Required,Unknown - Visual Review Required,JEFFERSON_TAX_LIEN,2026-04-28T22:00:04.567Z,,,,,,"https://www.google.com/maps/search/?api=1&query=33.4978794,-86.826142","https://earth.google.com/web/search/33.4978794,-86.826142",128500
29 00 02 3 004 024.000,BIRMINGHAM PROPERTY GROUP LLC,328 DELTA ST,Birmingham,AL,35205,33.4983627,-86.8253564,BIRMINGHAM PROPERTY GROUP LLC,"2317 3RD AVENUE NORTH STE 101, BIRMINGHAM, AL, 35203",Commercial (Class 2),Unknown - Visual Review Required,Unknown - Visual Review Required,JEFFERSON_TAX_LIEN,2026-04-28T22:00:09.067Z,,,,,,"https://www.google.com/maps/search/?api=1&query=33.4983627,-86.8253564","https://earth.google.com/web/search/33.4983627,-86.8253564",5700
29 00 02 3 005 003.000,GATER STEPHAN,305 3RD AVE S,Birmingham,AL,35205,33.4982107,-86.8272512,GATER STEPHAN,"1034 MAIN STREET UNIT#316, GARDENDALE, AL, 35071",Commercial (Class 2),Unknown - Visual Review Required,Unknown - Visual Review Required,JEFFERSON_TAX_LIEN,2026-04-28T22:00:25.227Z,,,,,,"https://www.google.com/maps/search/?api=1&query=33.4982107,-86.8272512","https://earth.google.com/web/search/33.4982107,-86.8272512",82700
29 00 02 3 005 007.000,REED MIESSHA (R/S),321 3RD ST S,Birmingham,AL,35205,33.4976521,-86.8269949,REED MIESSHA (R/S),"12491 ORCHARD TRACE, MOUNDVILLE, AL, 35274",Commercial (Class 2),Unknown - Visual Review Required,Unknown - Visual Review Required,JEFFERSON_TAX_LIEN,2026-04-28T22:00:53.187Z,,,,,,"https://www.google.com/maps/search/?api=1&query=33.4976521,-86.8269949","https://earth.google.com/web/search/33.4976521,-86.8269949",24800
29 00 02 3 005 009.000,OLIVER JIMMY,304 4TH AVE S,Birmingham,AL,35205,33.4974108,-86.8267486,OLIVER JIMMY,"1310 5TH AVENUE W, BIRMINGHAM, AL, 35208",Commercial (Class 2),Unknown - Visual Review Required,Unknown - Visual Review Required,JEFFERSON_TAX_LIEN,2026-04-28T22:00:48.520Z,,,,,,"https://www.google.com/maps/search/?api=1&query=33.4974108,-86.8267486","https://earth.google.com/web/search/33.4974108,-86.8267486",6400
29 00 02 3 005 012.000,GREGG KEJUAN,316 OMEGA ST,Birmingham,AL,35205,33.4979447,-86.826142,GREGG KEJUAN,"3945 RICHARD ARRINGTON JR BLVD, BIRMINGHAM, AL, 35234",Commercial (Class 2),Unknown - Visual Review Required,Unknown - Visual Review Required,JEFFERSON_TAX_LIEN,2026-04-28T22:00:27.193Z,,,,,,"https://www.google.com/maps/search/?api=1&query=33.4979447,-86.826142","https://earth.google.com/web/search/33.4979447,-86.826142",4800
29 00 02 3 006 001.000,CANTELOW-JETT OCTAVIA R,207 3RD ST S,Birmingham,AL,35205,33.4976325,-86.8270942,CANTELOW-JETT OCTAVIA R,"1701 PINE AVE SW, BIRMINGHAM, AL, 35211-5426",Commercial (Class 2),Unknown - Visual Review Required,Unknown - Visual Review Required,JEFFERSON_TAX_LIEN,2026-04-28T22:00:13.100Z,,,,,,"https://www.google.com/maps/search/?api=1&query=33.4976325,-86.8270942","https://earth.google.com/web/search/33.4976325,-86.8270942",3400
29 00 02 3 006 001.001,BIRMINGHAM PROPERTY GROUP LLC (R/S),205 3RD ST S,Birmingham,AL,35205,33.4987866,-86.8276157,BIRMINGHAM PROPERTY GROUP LLC (R/S),"2317 3RD AVE NORTH   SUITE 101, BIRMINGHAM, AL, 35203",Commercial (Class 2),Unknown - Visual Review Required,Unknown - Visual Review Required,JEFFERSON_TAX_LIEN,2026-04-28T22:00:09.090Z,,,,,,"https://www.google.com/maps/search/?api=1&query=33.4987866,-86.8276157","https://earth.google.com/web/search/33.4987866,-86.8276157",44100
29 00 02 3 006 003.000,BIRMINGHAM PROPERTY GROUP LLC,307 KAPPA AVE,Birmingham,AL,35205,33.4989777,-86.8276477,BIRMINGHAM PROPERTY GROUP LLC,"2317 3RD AVE N SUITE 101, BIRMINGHAM, AL, 35203",Commercial (Class 2),Unknown - Visual Review Required,Unknown - Visual Review Required,JEFFERSON_TAX_LIEN,2026-04-28T22:00:09.070Z,,,,,,"https://www.google.com/maps/search/?api=1&query=33.4989777,-86.8276477","https://earth.google.com/web/search/33.4989777,-86.8276477",10200
29 00 02 3 006 004.000,BIRMINGHAM PROPERTY GROUP LLC,309 KAPPA AVE,Birmingham,AL,35205,33.4989771,-86.8276244,BIRMINGHAM PROPERTY GROUP LLC,"2317 3RD AVE N SUITE 101, BIRMINGHAM, AL, 35203",Commercial (Class 2),Unknown - Visual Review Required,Unknown - Visual Review Required,JEFFERSON_TAX_LIEN,2026-04-28T22:00:09.070Z,,,,,,"https://www.google.com/maps/search/?api=1&query=33.4989771,-86.8276244","https://earth.google.com/web/search/33.4989771,-86.8276244",10200
29 00 02 3 007 008.000,FIRST HAND PROPERTY PRESERVATION,207 2ND AVE S,Birmingham,AL,35205,33.4985015,-86.8288674,FIRST HAND PROPERTY PRESERVATION,"2908 STEINER AVE SW, BIRMINGHAM, AL, 35211",Commercial (Class 2),Unknown - Visual Review Required,Unknown - Visual Review Required,JEFFERSON_TAX_LIEN,2026-04-28T22:00:23.147Z,,,,,,"https://www.google.com/maps/search/?api=1&query=33.4985015,-86.8288674","https://earth.google.com/web/search/33.4985015,-86.8288674",67600
29 00 02 3 007 011.000,WALTON RUTH,205 2ND ST S,Birmingham,AL,35205,33.4981734,-86.8290437,WALTON RUTH,"11187 DAVIS PLACE, NORTHPORT, AL, 35475",Commercial (Class 2),Unknown - Visual Review Required,Unknown - Visual Review Required,JEFFERSON_TAX_LIEN,2026-04-28T22:01:07.523Z,,,,,,"https://www.google.com/maps/search/?api=1&query=33.4981734,-86.8290437","https://earth.google.com/web/search/33.4981734,-86.8290437",47100
29 00 02 3 007 014.000,MALDONADO JOSE,208 3RD AVE S,Birmingham,AL,35205,33.4979284,-86.8285199,MALDONADO JOSE,"10701 WAYRIDGE DRIVE, MONTGOMERY VILLAGE, MD, 20886",Commercial (Class 2),Unknown - Visual Review Required,Unknown - Visual Review Required,JEFFERSON_TAX_LIEN,2026-04-28T22:00:41.300Z,,,,,,"https://www.google.com/maps/search/?api=1&query=33.4979284,-86.8285199","https://earth.google.com/web/search/33.4979284,-86.8285199",45700
29 00 02 3 009 016.000,BIRMINGHAM PROPERTY GROUP LLC (R/S),130 2ND AVE S,Birmingham,AL,35205,,,BIRMINGHAM PROPERTY GROUP LLC (R/S),"2317 3RD AVE NO, BIRMINGHAM, AL, 35203",Commercial (Class 2),Unknown - Visual Review Required,Unknown - Visual Review Required,JEFFERSON_TAX_LIEN,2026-04-28T22:00:09.090Z,,,,,,,,7800
29 00 02 3 010 001.000,STORY WERTNA G & HAZELRIG DEBRA A,69 2ND AVE S,Birmingham,AL,35205,33.497345,-86.8314598,STORY WERTNA G & HAZELRIG DEBRA A,"6201 LUPRE CIRCLE, MCCALLA, AL, 35111",Commercial (Class 2),Unknown - Visual Review Required,Unknown - Visual Review Required,JEFFERSON_TAX_LIEN,2026-04-28T22:01:01.783Z,,,,,,"https://www.google.com/maps/search/?api=1&query=33.497345,-86.8314598","https://earth.google.com/web/search/33.497345,-86.8314598",8000
29 00 02 3 011 002.000,BIRMINGHAM PROPERTY GROUP LLC,127 2ND AVE S,Birmingham,AL,35205,33.4978966,-86.8303455,BIRMINGHAM PROPERTY GROUP LLC,"2317 3RD AVE N STE 101, BIRMINGHAM, AL, 35203",Commercial (Class 2),Unknown - Visual Review Required,Unknown - Visual Review Required,JEFFERSON_TAX_LIEN,2026-04-28T22:00:09.070Z,,,,,,"https://www.google.com/maps/search/?api=1&query=33.4978966,-86.8303455","https://earth.google.com/web/search/33.4978966,-86.8303455",10200
29 00 02 3 011 003.000,MW LLC,125 2ND AVE S,Birmingham,AL,35205,33.4980615,-86.8297635,MW LLC,"125 2ND AVE S, BIRMINGHAM, AL, 35205",Commercial (Class 2),Unknown - Visual Review Required,Unknown - Visual Review Required,JEFFERSON_TAX_LIEN,2026-04-28T22:00:46.857Z,,,,,,"https://www.google.com/maps/search/?api=1&query=33.4980615,-86.8297635","https://earth.google.com/web/search/33.4980615,-86.8297635",64100
29 00 02 3 011 005.000,BIRMINGHAM PROPERTY GROUP LLC,119 2ND AVE S,Birmingham,AL,35205,33.4978521,-86.8304361,BIRMINGHAM PROPERTY GROUP LLC,"2317 3RD AVENUE NORTH   SUITE 101, BIRMINGHAM, AL, 35203",Commercial (Class 2),Unknown - Visual Review Required,Unknown - Visual Review Required,JEFFERSON_TAX_LIEN,2026-04-28T22:00:09.070Z,,,,,,"https://www.google.com/maps/search/?api=1&query=33.4978521,-86.8304361","https://earth.google.com/web/search/33.4978521,-86.8304361",3000
29 00 02 3 011 010.000,BIRMINGHAM PROPERTY GROUP LLC,106 3RD AVE S,Birmingham,AL,35205,33.4970366,-86.8300563,BIRMINGHAM PROPERTY GROUP LLC,"2317 3RD AVE NORTH  SUITE 101, BIRMINGHAM, AL, 35203",Commercial (Class 2),Unknown - Visual Review Required,Unknown - Visual Review Required,JEFFERSON_TAX_LIEN,2026-04-28T22:00:09.070Z,,,,,,"https://www.google.com/maps/search/?api=1&query=33.4970366,-86.8300563","https://earth.google.com/web/search/33.4970366,-86.8300563",3900
29 00 02 3 011 017.000,BIRMINGHAM PROPERTY GROUP LLC,126 3RD AVE S,Birmingham,AL,35205,33.4971454,-86.8298273,BIRMINGHAM PROPERTY GROUP LLC,"2317 3RD AVE N   STE 101, BIRMINGHAM, AL, 35203",Commercial (Class 2),Unknown - Visual Review Required,Unknown - Visual Review Required,JEFFERSON_TAX_LIEN,2026-04-28T22:00:09.070Z,,,,,,"https://www.google.com/maps/search/?api=1&query=33.4971454,-86.8298273","https://earth.google.com/web/search/33.4971454,-86.8298273",6000
29 00 02 3 012 002.000,WILLIAMS ANGELA,227 3RD AVE S,Birmingham,AL,35205,33.4976589,-86.8283556,WILLIAMS ANGELA,"7811 RALEIGH DR, TRUSSVILLE, AL, 35173",Commercial (Class 2),Unknown - Visual Review Required,Unknown - Visual Review Required,JEFFERSON_TAX_LIEN,2026-04-28T22:01:09.613Z,,,,,,"https://www.google.com/maps/search/?api=1&query=33.4976589,-86.8283556","https://earth.google.com/web/search/33.4976589,-86.8283556",57200
29 00 02 3 013 002.000,BIRMINGHAM PROPERTY GROUP LLC,127 3RD AVE S,Birmingham,AL,35205,33.4970024,-86.8297303,BIRMINGHAM PROPERTY GROUP LLC,"2317 3RD AVE N   STE 101, BIRMINGHAM, AL, 35203",Commercial (Class 2),Unknown - Visual Review Required,Unknown - Visual Review Required,JEFFERSON_TAX_LIEN,2026-04-28T22:00:09.073Z,,,,,,"https://www.google.com/maps/search/?api=1&query=33.4970024,-86.8297303","https://earth.google.com/web/search/33.4970024,-86.8297303",7800
29 00 02 3 013 003.000,BIRMINGHAM PROPERTY GROUP LLC,117 3RD AVE S,Birmingham,AL,35205,33.4971209,-86.8291812,BIRMINGHAM PROPERTY GROUP LLC,"2317 3RD AVENUE NORTH #101, BIRMINGHAM, AL, 35203",Commercial (Class 2),Unknown - Visual Review Required,Unknown - Visual Review Required,JEFFERSON_TAX_LIEN,2026-04-28T22:00:09.073Z,,,,,,"https://www.google.com/maps/search/?api=1&query=33.4971209,-86.8291812","https://earth.google.com/web/search/33.4971209,-86.8291812",119300
29 00 02 3 013 005.000,ESCALANTE GUSMAN YENER ROBERTO,111 3RD AVE S,Birmingham,AL,35205,33.4969798,-86.8294929,ESCALANTE GUSMAN YENER ROBERTO,"111 3SR AVENUE S, BIRMINGHAM, AL, 35205",Commercial (Class 2),Unknown - Visual Review Required,Unknown - Visual Review Required,JEFFERSON_TAX_LIEN,2026-04-28T22:00:22.013Z,,,,,,"https://www.google.com/maps/search/?api=1&query=33.4969798,-86.8294929","https://earth.google.com/web/search/33.4969798,-86.8294929",43700
29 00 02 3 014 006.000,HRABOWSKI JAMES L,52 4TH AVE S,Birmingham,AL,35205,33.4953852,-86.8310102,HRABOWSKI JAMES L,"5411 HENNESSY CIR, ATLANTA, GA, 30349",Commercial (Class 2),Unknown - Visual Review Required,Unknown - Visual Review Required,JEFFERSON_TAX_LIEN,2026-04-28T22:00:32.373Z,,,,,,"https://www.google.com/maps/search/?api=1&query=33.4953852,-86.8310102","https://earth.google.com/web/search/33.4953852,-86.8310102",10800
29 00 02 3 014 014.000,BIRMINGHAM PROPERTY GROUP LLC,304 1ST ST S,Birmingham,AL,35205,33.4966957,-86.8301989,BIRMINGHAM PROPERTY GROUP LLC,"2317 3RD AVE NORTH    STE 101, BIRMINGHAM, AL, 385203",Commercial (Class 2),Unknown - Visual Review Required,Unknown - Visual Review Required,JEFFERSON_TAX_LIEN,2026-04-28T22:00:09.073Z,,,,,,"https://www.google.com/maps/search/?api=1&query=33.4966957,-86.8301989","https://earth.google.com/web/search/33.4966957,-86.8301989",4700
29 00 02 3 014 015.000,BINDER JOE L (R/S),300 1ST ST S,Birmingham,AL,35205,33.496724,-86.830218,BINDER JOE L (R/S),"2012 10TH ST NW, BIRMINGHAM, AL, 35215",Commercial (Class 2),Unknown - Visual Review Required,Unknown - Visual Review Required,JEFFERSON_TAX_LIEN,2026-04-28T22:00:08.113Z,,,,,,"https://www.google.com/maps/search/?api=1&query=33.496724,-86.830218","https://earth.google.com/web/search/33.496724,-86.830218",4200
29 00 02 3 015 001.000,JOHNSON AMANDA,65 4TH AVE S,Birmingham,AL,35205,33.4954044,-86.8305696,JOHNSON AMANDA,"2109 5TH  WAY CIRCLE NW, CENTER POINT, AL, 35215",Commercial (Class 2),Unknown - Visual Review Required,Unknown - Visual Review Required,JEFFERSON_TAX_LIEN,2026-04-28T22:00:34.947Z,,,,,,"https://www.google.com/maps/search/?api=1&query=33.4954044,-86.8305696","https://earth.google.com/web/search/33.4954044,-86.8305696",75500
29 00 02 3 015 007.000,MORALES AARON,41 4TH AVE S,Birmingham,AL,35205,33.4951027,-86.8312053,MORALES AARON,"1607 SWEET APPLE CT, BIRMINGHAM, AL, 35242",Commercial (Class 2),Unknown - Visual Review Required,Unknown - Visual Review Required,JEFFERSON_TAX_LIEN,2026-04-28T22:00:45.810Z,,,,,,"https://www.google.com/maps/search/?api=1&query=33.4951027,-86.8312053","https://earth.google.com/web/search/33.4951027,-86.8312053",13500
29 00 02 3 015 022.000,BILLUPS PATRICIA BOWMAN,420 1ST ST S,Birmingham,AL,35205,33.495807,-86.8293683,BILLUPS PATRICIA BOWMAN,"404 1ST ST S, BIRMINGHAM, AL, 35205-3008",Commercial (Class 2),Unknown - Visual Review Required,Unknown - Visual Review Required,JEFFERSON_TAX_LIEN,2026-04-28T22:00:08.093Z,,,,,,"https://www.google.com/maps/search/?api=1&query=33.495807,-86.8293683","https://earth.google.com/web/search/33.495807,-86.8293683",19000
29 00 02 3 015 024.000,BILLUPS PATRICIA BOWMAN,400 1ST ST S,Birmingham,AL,35205,33.495816,-86.829601,BILLUPS PATRICIA BOWMAN,"600 BEACON PKY, BIRMINGHAM, AL, 35209",Commercial (Class 2),Unknown - Visual Review Required,Unknown - Visual Review Required,JEFFERSON_TAX_LIEN,2026-04-28T22:00:08.093Z,,,,,,"https://www.google.com/maps/search/?api=1&query=33.495816,-86.829601","https://earth.google.com/web/search/33.495816,-86.829601",40600
29 00 02 3 017 012.000,BIRMINGHAM PROPERTY GROUP LLC,411 2ND ST S,Birmingham,AL,35205,33.4965239,-86.8280529,BIRMINGHAM PROPERTY GROUP LLC,"2317 3RD AVE N    SUITE 101, BIRMINGHAM, AL, 35203",Commercial (Class 2),Unknown - Visual Review Required,Unknown - Visual Review Required,JEFFERSON_TAX_LIEN,2026-04-28T22:00:09.073Z,,,,,,"https://www.google.com/maps/search/?api=1&query=33.4965239,-86.8280529","https://earth.google.com/web/search/33.4965239,-86.8280529",9200
29 00 02 3 017 014.000,BIRMINGHAM PROPERTY GROUP LLC,417 2ND ST S,Birmingham,AL,35205,33.4965106,-86.8280438,BIRMINGHAM PROPERTY GROUP LLC,"2317 3RD AVE N STE 101, BIRMINGHAM, AL, 35203",Commercial (Class 2),Unknown - Visual Review Required,Unknown - Visual Review Required,JEFFERSON_TAX_LIEN,2026-04-28T22:00:09.077Z,,,,,,"https://www.google.com/maps/search/?api=1&query=33.4965106,-86.8280438","https://earth.google.com/web/search/33.4965106,-86.8280438",6500
29 00 02 3 017 016.000,SMITH LILLIE ESTATE OF & HOWARD MARY ESTATE OF,206 5TH AVE S,Birmingham,AL,35205,33.4958738,-86.8274644,SMITH LILLIE ESTATE OF & HOWARD MARY ESTATE OF,"1120 CIMARRON TRL, BIRMINGHAM, AL, 35215-8402",Commercial (Class 2),Unknown - Visual Review Required,Unknown - Visual Review Required,JEFFERSON_TAX_LIEN,2026-04-28T22:00:59.780Z,,,,,,"https://www.google.com/maps/search/?api=1&query=33.4958738,-86.8274644","https://earth.google.com/web/search/33.4958738,-86.8274644",3000
29 00 02 3 019 010.000,JEMISON JAMERIA,511 OMEGA ST,Birmingham,AL,35205,33.4961625,-86.8261381,JEMISON JAMERIA,"1817 CENTER ST S, BIRMINGHAM, AL, 35205",Commercial (Class 2),Unknown - Visual Review Required,Unknown - Visual Review Required,JEFFERSON_TAX_LIEN,2026-04-28T22:00:34.510Z,,,,,,"https://www.google.com/maps/search/?api=1&query=33.4961625,-86.8261381","https://earth.google.com/web/search/33.4961625,-86.8261381",44200
29 00 02 3 019 014.000,BIRMINGHAM PROPERTY GROUP LLC,519 OMEGA ST,Birmingham,AL,35205,33.4960989,-86.8261382,BIRMINGHAM PROPERTY GROUP LLC,"2317 3RD AVENUE NORTH   SUITE 101, BIRMINGHAM, AL, 35203",Commercial (Class 2),Unknown - Visual Review Required,Unknown - Visual Review Required,JEFFERSON_TAX_LIEN,2026-04-28T22:00:09.077Z,,,,,,"https://www.google.com/maps/search/?api=1&query=33.4960989,-86.8261382","https://earth.google.com/web/search/33.4960989,-86.8261382",5200
29 00 02 3 019 019.000,"ME AND MY HOUSE, INC",516 DELTA ST,Birmingham,AL,35205,33.496471,-86.8253565,"ME AND MY HOUSE, INC","1919 OXMOOR ROAD STE 331, HOMEWOOD, AL, 35205",Commercial (Class 2),Unknown - Visual Review Required,Unknown - Visual Review Required,JEFFERSON_TAX_LIEN,2026-04-28T22:00:43.840Z,,,,,,"https://www.google.com/maps/search/?api=1&query=33.496471,-86.8253565","https://earth.google.com/web/search/33.496471,-86.8253565",12900
29 00 02 3 021 004.000,BIRMINGHAM PROPERTY GROUP LLC,215 5TH AVE S,Birmingham,AL,35205,33.4957744,-86.827275,BIRMINGHAM PROPERTY GROUP LLC,"2317 3RD AVE NORTH  SUITE 101, BIRMINGHAM, AL, 35203",Commercial (Class 2),Unknown - Visual Review Required,Unknown - Visual Review Required,JEFFERSON_TAX_LIEN,2026-04-28T22:00:09.077Z,,,,,,"https://www.google.com/maps/search/?api=1&query=33.4957744,-86.827275","https://earth.google.com/web/search/33.4957744,-86.827275",6700
29 00 02 3 021 005.000,BIRMINGHAM PROPERTY GROUP LLC,211 5TH AVE S,Birmingham,AL,35205,33.4957526,-86.8273207,BIRMINGHAM PROPERTY GROUP LLC,"2317 3RD AVENUE NORTH   SUITE 101, BIRMIGNHAM, AL, 35203",Commercial (Class 2),Unknown - Visual Review Required,Unknown - Visual Review Required,JEFFERSON_TAX_LIEN,2026-04-28T22:00:09.077Z,,,,,,"https://www.google.com/maps/search/?api=1&query=33.4957526,-86.8273207","https://earth.google.com/web/search/33.4957526,-86.8273207",5700
29 00 02 3 021 006.000,BIRMMINGHAM PROPERTY GROUP LLC,209 5TH AVE S,Birmingham,AL,35205,33.4957417,-86.8273436,BIRMMINGHAM PROPERTY GROUP LLC,"2317 3RD AVE N    SUITE 101, BIRMINGHAM, AL, 35203",Commercial (Class 2),Unknown - Visual Review Required,Unknown - Visual Review Required,JEFFERSON_TAX_LIEN,2026-04-28T22:00:09.160Z,,,,,,"https://www.google.com/maps/search/?api=1&query=33.4957417,-86.8273436","https://earth.google.com/web/search/33.4957417,-86.8273436",3400
29 00 02 3 021 008.000,THOMAS MARIAN,205 5TH AVE S,Birmingham,AL,35205,33.4957198,-86.8273893,THOMAS MARIAN,"201 5TH AVE S, BIRMINGHAM, AL, 35205-3234",Commercial (Class 2),Unknown - Visual Review Required,Unknown - Visual Review Required,JEFFERSON_TAX_LIEN,2026-04-28T22:01:03.840Z,,,,,,"https://www.google.com/maps/search/?api=1&query=33.4957198,-86.8273893","https://earth.google.com/web/search/33.4957198,-86.8273893",5700
29 00 02 3 021 010.001,CARTER GERALDINE,517 2ND ST S,Birmingham,AL,35205,33.495584,-86.827413,CARTER GERALDINE,"515 2ND ST S, BIRMINGHAM, AL, 35205-4210",Commercial (Class 2),Unknown - Visual Review Required,Unknown - Visual Review Required,JEFFERSON_TAX_LIEN,2026-04-28T22:00:13.560Z,,,,,,"https://www.google.com/maps/search/?api=1&query=33.495584,-86.827413","https://earth.google.com/web/search/33.495584,-86.827413",15400
29 00 02 3 023 011.000,BUILD URBAN PROSPERITY,500 1ST ST S,Birmingham,AL,35205,33.494567,-86.828753,BUILD URBAN PROSPERITY,"2301 AVENUE E, BIRMINGHAM, AL, 35218",Commercial (Class 2),Unknown - Visual Review Required,Unknown - Visual Review Required,JEFFERSON_TAX_LIEN,2026-04-28T22:00:11.823Z,,,,,,"https://www.google.com/maps/search/?api=1&query=33.494567,-86.828753","https://earth.google.com/web/search/33.494567,-86.828753",3100
29 00 02 3 024 006.000,DAVID HUBBARD,12 6TH AVE S,Birmingham,AL,35205,33.492966,-86.8303988,DAVID HUBBARD,"P O BOX 382753, BIRMINGHAM, AL, 35238",Commercial (Class 2),Unknown - Visual Review Required,Unknown - Visual Review Required,JEFFERSON_TAX_LIEN,2026-04-28T22:00:18.567Z,,,,,,"https://www.google.com/maps/search/?api=1&query=33.492966,-86.8303988","https://earth.google.com/web/search/33.492966,-86.8303988",28600
29 00 02 3 025 001.000,GUNN MILDRED F,29 6TH AVE S,Birmingham,AL,35205,33.4930544,-86.829813,GUNN MILDRED F,"29 6TH AVE S, BIRMINGHAM, AL, 35205-4224",Commercial (Class 2),Unknown - Visual Review Required,Unknown - Visual Review Required,JEFFERSON_TAX_LIEN,2026-04-28T22:00:27.717Z,,,,,,"https://www.google.com/maps/search/?api=1&query=33.4930544,-86.829813","https://earth.google.com/web/search/33.4930544,-86.829813",73700
29 00 02 3 025 007.000,WILLIAMS LIONEL T JR AS AGT FOR HEIRS OF WILLIAMS LIONEL T SR,1 6TH AVE S,Birmingham,AL,35205,33.492564,-86.830809,WILLIAMS LIONEL T JR AS AGT FOR HEIRS OF WILLIAMS LIONEL T SR,"1011 RIVERCHASE TRAIL, HOOVER, AL, 35244",Commercial (Class 2),Unknown - Visual Review Required,Unknown - Visual Review Required,JEFFERSON_TAX_LIEN,2026-04-28T22:01:10.020Z,,,,,,"https://www.google.com/maps/search/?api=1&query=33.492564,-86.830809","https://earth.google.com/web/search/33.492564,-86.830809",9600
29 00 02 3 026 003.000,MARK ANTONIO GRIFFIN,33 7TH AVE S,Birmingham,AL,35205,33.4919652,-86.8302498,MARK ANTONIO GRIFFIN,"548 CEDAR DRIVE, NASHVILLE, TN, 37211",Commercial (Class 2),Unknown - Visual Review Required,Unknown - Visual Review Required,JEFFERSON_TAX_LIEN,2026-04-28T22:00:41.620Z,,,,,,"https://www.google.com/maps/search/?api=1&query=33.4919652,-86.8302498","https://earth.google.com/web/search/33.4919652,-86.8302498",23000
29 00 02 3 026 005.000,JUAN CALDERON PADILLA & JESSICA SOSA ROMERO DE PADILLA,25 7TH AVE S,Birmingham,AL,35205,33.4919114,-86.8303628,JUAN CALDERON PADILLA & JESSICA SOSA ROMERO DE PADILLA,"1052 GREEN ST, BIRMINGHAM, AL, 35217",Commercial (Class 2),Unknown - Visual Review Required,Unknown - Visual Review Required,JEFFERSON_TAX_LIEN,2026-04-28T22:00:36.467Z,,,,,,"https://www.google.com/maps/search/?api=1&query=33.4919114,-86.8303628","https://earth.google.com/web/search/33.4919114,-86.8303628",70500
29 00 02 3 028 004.000,MALLOY ERMA LUCILLE &,125 6TH AVE S,Birmingham,AL,35205,33.4940331,-86.8277515,MALLOY ERMA LUCILLE &,"415 CENTRAL PARK W APT 6B, NEW YORK, NY, 10025-4813",Commercial (Class 2),Unknown - Visual Review Required,Unknown - Visual Review Required,JEFFERSON_TAX_LIEN,2026-04-28T22:00:41.330Z,,,,,,"https://www.google.com/maps/search/?api=1&query=33.4940331,-86.8277515","https://earth.google.com/web/search/33.4940331,-86.8277515",16100
29 00 02 3 031 019.000,DURR CAMILLE AGT OF HEIRS OF ANITA DURR,717 OMEGA ST,Birmingham,AL,35205,33.4947164,-86.82565,DURR CAMILLE AGT OF HEIRS OF ANITA DURR,"122 1/2 59TH ST N, BIRMINGHAM, AL, 35212-1632",Commercial (Class 2),Unknown - Visual Review Required,Unknown - Visual Review Required,JEFFERSON_TAX_LIEN,2026-04-28T22:00:20.850Z,,,,,,"https://www.google.com/maps/search/?api=1&query=33.4947164,-86.82565","https://earth.google.com/web/search/33.4947164,-86.82565",9800
29 00 02 3 031 033.000,ATKINSON CALBERTA O,228 8TH AVE S,Birmingham,AL,35205,33.4922495,-86.8255303,ATKINSON CALBERTA O,"207 COPPER RIDGE  WAY, FLORENCE, MS, 39073",Commercial (Class 2),Unknown - Visual Review Required,Unknown - Visual Review Required,JEFFERSON_TAX_LIEN,2026-04-28T22:00:05.453Z,,,,,,"https://www.google.com/maps/search/?api=1&query=33.4922495,-86.8255303","https://earth.google.com/web/search/33.4922495,-86.8255303",8900
29 00 02 3 031 049.000,PIONEER DATA GROUP LLC,630 DELTA ST,Birmingham,AL,35205,33.4935385,-86.8247311,PIONEER DATA GROUP LLC,"1621 CENTRAL AVE, CHEYENNE, WY, 82001",Commercial (Class 2),Unknown - Visual Review Required,Unknown - Visual Review Required,JEFFERSON_TAX_LIEN,2026-04-28T22:00:51.163Z,,,,,,"https://www.google.com/maps/search/?api=1&query=33.4935385,-86.8247311","https://earth.google.com/web/search/33.4935385,-86.8247311",66400
29 00 02 3 032 021.000,SCOTT DIXIE & GLORIA,723 DELTA ST,Birmingham,AL,35205,33.4935385,-86.8247311,SCOTT DIXIE & GLORIA,"913 MARTIN LUTHER KING JR DR, BIRMINGHAM, AL, 35211-2839",Commercial (Class 2),Unknown - Visual Review Required,Unknown - Visual Review Required,JEFFERSON_TAX_LIEN,2026-04-28T22:00:56.990Z,,,,,,"https://www.google.com/maps/search/?api=1&query=33.4935385,-86.8247311","https://earth.google.com/web/search/33.4935385,-86.8247311",24200
29 00 02 3 036 007.000,HARTON CHRISTOPHER (R/S),915 BETA ST,Birmingham,AL,35205,33.4929022,-86.8227153,HARTON CHRISTOPHER (R/S),"PO BOX 110203, BIRMINGHAM, AL, 35211",Commercial (Class 2),Unknown - Visual Review Required,Unknown - Visual Review Required,JEFFERSON_TAX_LIEN,2026-04-28T22:00:29.340Z,,,,,,"https://www.google.com/maps/search/?api=1&query=33.4929022,-86.8227153","https://earth.google.com/web/search/33.4929022,-86.8227153",69500
29 00 02 3 041 002.000,CLAY BEN,206 16TH AVE S,Birmingham,AL,35205,33.4911995,-86.8102571,CLAY BEN,"632 5TH WAY, BIRMINGHAM, AL, 35214",Commercial (Class 2),Unknown - Visual Review Required,Unknown - Visual Review Required,JEFFERSON_TAX_LIEN,2026-04-28T22:00:15.063Z,,,,,,"https://www.google.com/maps/search/?api=1&query=33.4911995,-86.8102571","https://earth.google.com/web/search/33.4911995,-86.8102571",60300
29 00 02 4 005 008.000,GREEN THOMAS CHARLES,431 UNIVERSITY BLVD,Birmingham,AL,35205,33.4919535,-86.8216863,GREEN THOMAS CHARLES,"2936 DONITA DR, VESTAVIA, AL, 35243-5917",Commercial (Class 2),Unknown - Visual Review Required,Unknown - Visual Review Required,JEFFERSON_TAX_LIEN,2026-04-28T22:00:27.103Z,,,,,,"https://www.google.com/maps/search/?api=1&query=33.4919535,-86.8216863","https://earth.google.com/web/search/33.4919535,-86.8216863",234200
29 00 02 4 016 005.000,MCFARLAND KERRYN,713 9TH AVE S,Birmingham,AL,35205,33.4948693,-86.8157649,MCFARLAND KERRYN,"713 9TH AVE S, BIRMINGHAM, AL, 35205-4509",Commercial (Class 2),Unknown - Visual Review Required,Unknown - Visual Review Required,JEFFERSON_TAX_LIEN,2026-04-28T22:00:43.220Z,,,,,,"https://www.google.com/maps/search/?api=1&query=33.4948693,-86.8157649","https://earth.google.com/web/search/33.4948693,-86.8157649",148400
29 00 02 4 016 008.000,SOUTHERN LUXE HOLDINGS LLC,701 9TH AVE S,Birmingham,AL,35205,33.494804,-86.815902,SOUTHERN LUXE HOLDINGS LLC,"361 SUMMER CHASE DRIVE, CALERA, AL, 35040",Commercial (Class 2),Unknown - Visual Review Required,Unknown - Visual Review Required,JEFFERSON_TAX_LIEN,2026-04-28T22:01:00.463Z,,,,,,"https://www.google.com/maps/search/?api=1&query=33.494804,-86.815902","https://earth.google.com/web/search/33.494804,-86.815902",162700
29 00 03 1 030 004.000,RODEN DANIEL,13 1ST PL S,Birmingham,AL,35205,33.4998197,-86.8312554,RODEN DANIEL,"862 PRESTON RD, RED OAK, TX, 75154",Commercial (Class 2),Unknown - Visual Review Required,Unknown - Visual Review Required,JEFFERSON_TAX_LIEN,2026-04-28T22:00:54.850Z,,,,,,"https://www.google.com/maps/search/?api=1&query=33.4998197,-86.8312554","https://earth.google.com/web/search/33.4998197,-86.8312554",12000
29 00 03 1 030 005.000,BIRMINGHAM PROPERTY GROUP LLC,17 1ST PL S,Birmingham,AL,35205,33.4999668,-86.831394,BIRMINGHAM PROPERTY GROUP LLC,"2317 3RD AVE N   SUITE 101, BIRMINGHAM, AL, 35203",Commercial (Class 2),Unknown - Visual Review Required,Unknown - Visual Review Required,JEFFERSON_TAX_LIEN,2026-04-28T22:00:09.083Z,,,,,,"https://www.google.com/maps/search/?api=1&query=33.4999668,-86.831394","https://earth.google.com/web/search/33.4999668,-86.831394",6000
29 00 03 1 030 006.001,BIRMINGHAM PROPERTY GROUP LLC,25 1ST PL S,Birmingham,AL,35205,33.4998748,-86.8313945,BIRMINGHAM PROPERTY GROUP LLC,"2317 3RD AVE N   SUITE 101, BIRMINGHAM, AL, 35203",Commercial (Class 2),Unknown - Visual Review Required,Unknown - Visual Review Required,JEFFERSON_TAX_LIEN,2026-04-28T22:00:09.083Z,,,,,,"https://www.google.com/maps/search/?api=1&query=33.4998748,-86.8313945","https://earth.google.com/web/search/33.4998748,-86.8313945",6000
29 00 03 1 031 008.000,HICKS BEN JR,56 KAPPA AVE,Birmingham,AL,35205,33.4990891,-86.8322535,HICKS BEN JR,"756 29TH ST SW, BIRMINGHAM, AL, 35211-3407",Commercial (Class 2),Unknown - Visual Review Required,Unknown - Visual Review Required,JEFFERSON_TAX_LIEN,2026-04-28T22:00:30.507Z,,,,,,"https://www.google.com/maps/search/?api=1&query=33.4990891,-86.8322535","https://earth.google.com/web/search/33.4990891,-86.8322535",6000
29 00 03 1 031 010.000,BRASFIELD ARMOND & KATINA,64 KAPPA AVE,Birmingham,AL,35205,33.49908,-86.831918,BRASFIELD ARMOND & KATINA,"295 MADISON LANE, ODENVILLE, AL, 35120",Commercial (Class 2),Unknown - Visual Review Required,Unknown - Visual Review Required,JEFFERSON_TAX_LIEN,2026-04-28T22:00:10.557Z,,,,,,"https://www.google.com/maps/search/?api=1&query=33.49908,-86.831918","https://earth.google.com/web/search/33.49908,-86.831918",10300
29 00 03 1 031 013.000,BIRMINGHAM PROPERTY GROUP LLC,20 1ST PL S,Birmingham,AL,35205,33.4999405,-86.8315911,BIRMINGHAM PROPERTY GROUP LLC,"2317 3RD AVE NORTH  SUITE 101, BIRMINGHAM, AL, 35203",Commercial (Class 2),Unknown - Visual Review Required,Unknown - Visual Review Required,JEFFERSON_TAX_LIEN,2026-04-28T22:00:09.083Z,,,,,,"https://www.google.com/maps/search/?api=1&query=33.4999405,-86.8315911","https://earth.google.com/web/search/33.4999405,-86.8315911",10200
29 00 03 4 001 009.000,BRASFIELD ARMOND & TATE- BRASFIELD KATINA,58 1ST AVE S,Birmingham,AL,35205,33.4985932,-86.8318345,BRASFIELD ARMOND & TATE- BRASFIELD KATINA,"295 MADISON LANE, ODENVILLE, AL, 35120",Commercial (Class 2),Unknown - Visual Review Required,Unknown - Visual Review Required,JEFFERSON_TAX_LIEN,2026-04-28T22:00:10.560Z,,,,,,"https://www.google.com/maps/search/?api=1&query=33.4985932,-86.8318345","https://earth.google.com/web/search/33.4985932,-86.8318345",10100
29 00 03 4 003 001.000,OBRAY CARTER,27 CENTER PL SW,Birmingham,AL,35205,33.4879936,-86.8318794,OBRAY CARTER,"7227 3RD AVE S, BIRMINGHAM, AL, 35206",Commercial (Class 2),Unknown - Visual Review Required,Unknown - Visual Review Required,JEFFERSON_TAX_LIEN,2026-04-28T22:00:48.300Z,,,,,,"https://www.google.com/maps/search/?api=1&query=33.4879936,-86.8318794","https://earth.google.com/web/search/33.4879936,-86.8318794",19600
29 00 03 4 012 008.000,BIRMINGHAM PROPERTY GROUP LLC,11 1ST AVE S,Birmingham,AL,35205,33.4976674,-86.8334468,BIRMINGHAM PROPERTY GROUP LLC,"2317 3RD AVE N   STE 101, BIRMINGHAM, AL, 35203",Commercial (Class 2),Unknown - Visual Review Required,Unknown - Visual Review Required,JEFFERSON_TAX_LIEN,2026-04-28T22:00:09.083Z,,,,,,"https://www.google.com/maps/search/?api=1&query=33.4976674,-86.8334468","https://earth.google.com/web/search/33.4976674,-86.8334468",3700
29 00 03 4 012 017.000,BIRMINGHAM PROPERTY GROUP LLC,20 2ND AVE S,Birmingham,AL,35205,33.4968403,-86.8329253,BIRMINGHAM PROPERTY GROUP LLC,"2317 3RD AVE N   STE 101, BIRMINGHAM, AL, 35203",Commercial (Class 2),Unknown - Visual Review Required,Unknown - Visual Review Required,JEFFERSON_TAX_LIEN,2026-04-28T22:00:09.087Z,,,,,,"https://www.google.com/maps/search/?api=1&query=33.4968403,-86.8329253","https://earth.google.com/web/search/33.4968403,-86.8329253",6200
29 00 03 4 013 017.000,PATEL NIRAV,60 2ND AVE S,Birmingham,AL,35205,33.4977248,-86.8314242,PATEL NIRAV,"410 OAK MOUNTAIN CIR, PELHAM, AL, 35124",Commercial (Class 2),Unknown - Visual Review Required,Unknown - Visual Review Required,JEFFERSON_TAX_LIEN,2026-04-28T22:00:49.763Z,,,,,,"https://www.google.com/maps/search/?api=1&query=33.4977248,-86.8314242","https://earth.google.com/web/search/33.4977248,-86.8314242",69400
29 00 03 4 013 019.000,ETERNITY & INFINITY INVESTMENTS LLC,118 1ST ST S,Birmingham,AL,35205,33.4984857,-86.8313958,ETERNITY & INFINITY INVESTMENTS LLC,"924 WOODBROOK RD, BIRMINGHAM, AL, 35215",Commercial (Class 2),Unknown - Visual Review Required,Unknown - Visual Review Required,JEFFERSON_TAX_LIEN,2026-04-28T22:00:22.140Z,,,,,,"https://www.google.com/maps/search/?api=1&query=33.4984857,-86.8313958","https://earth.google.com/web/search/33.4984857,-86.8313958",105600
29 00 03 4 015 003.000,BIRMINGHAM PROPERTY GROUP LLC,61 2ND AVE S,Birmingham,AL,35205,33.4972734,-86.8316131,BIRMINGHAM PROPERTY GROUP LLC,"2317 3RD AVENUE NORTH   SUITE 101, BIRMINGHAM, AL, 35203",Commercial (Class 2),Unknown - Visual Review Required,Unknown - Visual Review Required,JEFFERSON_TAX_LIEN,2026-04-28T22:00:09.087Z,,,,,,"https://www.google.com/maps/search/?api=1&query=33.4972734,-86.8316131","https://earth.google.com/web/search/33.4972734,-86.8316131",2200
29 00 03 4 015 007.000,BIRMINGHAM PROPERTY GROUP LLC,45 2ND AVE S,Birmingham,AL,35205,33.4971362,-86.8317438,BIRMINGHAM PROPERTY GROUP LLC,"2317 3RD AVENUE NORTH   SUITE 101, BIRMINGHAM, AL, 35203",Commercial (Class 2),Unknown - Visual Review Required,Unknown - Visual Review Required,JEFFERSON_TAX_LIEN,2026-04-28T22:00:09.087Z,,,,,,"https://www.google.com/maps/search/?api=1&query=33.4971362,-86.8317438","https://earth.google.com/web/search/33.4971362,-86.8317438",11100
29 00 03 4 016 013.000,WILLIAMS DEARMOND J,28 3RD AVE S,Birmingham,AL,35205,33.4961511,-86.8321478,WILLIAMS DEARMOND J,"3329 CHERRYBROOK DRIVE, BIRMINGHAM, AL, 35214",Commercial (Class 2),Unknown - Visual Review Required,Unknown - Visual Review Required,JEFFERSON_TAX_LIEN,2026-04-28T22:01:09.760Z,,,,,,"https://www.google.com/maps/search/?api=1&query=33.4961511,-86.8321478","https://earth.google.com/web/search/33.4961511,-86.8321478",71600
29 00 03 4 021 026.000,CARR FAYE (R/S),36 4TH AVE S,Birmingham,AL,35205,33.4955088,-86.8310272,CARR FAYE (R/S),"112 ASPEN CIRCLE APT 203, HOMEWOOD, AL, 35209",Commercial (Class 2),Unknown - Visual Review Required,Unknown - Visual Review Required,JEFFERSON_TAX_LIEN,2026-04-28T22:00:13.390Z,,,,,,"https://www.google.com/maps/search/?api=1&query=33.4955088,-86.8310272","https://earth.google.com/web/search/33.4955088,-86.8310272",14700
29 00 03 4 022 009.000,GONZALES FREDY ROJAS,9 4TH AVE S,Birmingham,AL,35205,33.4947005,-86.8320531,GONZALES FREDY ROJAS,"3013 RIME VILLAGE DRIVE, HOOVER, AL, 35216",Commercial (Class 2),Unknown - Visual Review Required,Unknown - Visual Review Required,JEFFERSON_TAX_LIEN,2026-04-28T22:00:26.153Z,,,,,,"https://www.google.com/maps/search/?api=1&query=33.4947005,-86.8320531","https://earth.google.com/web/search/33.4947005,-86.8320531",62600
29 00 03 4 022 011.000,CORLEY VIVIAN M,401 CENTER ST S,Birmingham,AL,35205,,,CORLEY VIVIAN M,"3205 W 78TH ST, LOS ANGELES, CA, 90043-5216",Commercial (Class 2),Unknown - Visual Review Required,Unknown - Visual Review Required,JEFFERSON_TAX_LIEN,2026-04-28T22:00:16.803Z,,,,,,,,7700
29 00 03 4 022 021.000,KENNEDY DEV PROPERTIES INC,18 5TH AVE S,Birmingham,AL,35205,33.5009146,-86.8166758,KENNEDY DEV PROPERTIES INC,"P O BOX 110014, BIRMINGHAM, AL, 35211",Commercial (Class 2),Unknown - Visual Review Required,Unknown - Visual Review Required,JEFFERSON_TAX_LIEN,2026-04-28T22:00:37.010Z,,,,,,"https://www.google.com/maps/search/?api=1&query=33.5009146,-86.8166758","https://earth.google.com/web/search/33.5009146,-86.8166758",10000
29 00 03 4 026 006.000,BIRMINGHAM PROPERTY GROUP LLC,507 CENTER ST S,Birmingham,AL,35205,33.4936113,-86.8316807,BIRMINGHAM PROPERTY GROUP LLC,"2317 3RD AVE N    STE 101, BIRMINGHAM, AL, 35203",Commercial (Class 2),Unknown - Visual Review Required,Unknown - Visual Review Required,JEFFERSON_TAX_LIEN,2026-04-28T22:00:09.087Z,,,,,,"https://www.google.com/maps/search/?api=1&query=33.4936113,-86.8316807","https://earth.google.com/web/search/33.4936113,-86.8316807",5100
29 00 03 4 027 004.000,ROBERTS FOOD SERVICES LL,527 CENTER ST S,Birmingham,AL,35205,33.4931214,-86.8315717,ROBERTS FOOD SERVICES LL,"1928 16TH AVE S, BIRMINGHAM, AL, 35205-5636",Commercial (Class 2),Unknown - Visual Review Required,Unknown - Visual Review Required,JEFFERSON_TAX_LIEN,2026-04-28T22:00:54.497Z,,,,,,"https://www.google.com/maps/search/?api=1&query=33.4931214,-86.8315717","https://earth.google.com/web/search/33.4931214,-86.8315717",10500
29 00 11 1 003 014.001,GAIZA CASAS 4 LLC,448 GREEN SPRINGS AVE S,Birmingham,AL,35205,33.484965,-86.8175439,GAIZA CASAS 4 LLC,"10400 ASHFORD DR, YUKON, OK, 73099",Commercial (Class 2),Unknown - Visual Review Required,Unknown - Visual Review Required,JEFFERSON_TAX_LIEN,2026-04-28T22:00:24.703Z,,,,,,"https://www.google.com/maps/search/?api=1&query=33.484965,-86.8175439","https://earth.google.com/web/search/33.484965,-86.8175439",47000
29 00 11 2 003 011.000,EATON OLIVIA B AGT FOR HEIRS,1610 2ND ST S,Birmingham,AL,35205,,,EATON OLIVIA B AGT FOR HEIRS,"PO BOX 521, BIRMINGHAM, AL, 35201-0521",Commercial (Class 2),Unknown - Visual Review Required,Unknown - Visual Review Required,JEFFERSON_TAX_LIEN,2026-04-28T22:00:21.113Z,,,,,,,,55100
29 00 11 2 005 003.000,GADSON MARY JANE EST OF,55 16TH AVE S,Birmingham,AL,35205,33.4915116,-86.8279251,GADSON MARY JANE EST OF,"436 FOREST CIR, FAIRFIELD, AL, 35064-1752",Commercial (Class 2),Unknown - Visual Review Required,Unknown - Visual Review Required,JEFFERSON_TAX_LIEN,2026-04-28T22:00:24.643Z,,,,,,"https://www.google.com/maps/search/?api=1&query=33.4915116,-86.8279251","https://earth.google.com/web/search/33.4915116,-86.8279251",39300
29 00 11 2 005 013.000,"ALVAREZ,SERGIO",46 17TH AVE S,Birmingham,AL,35205,33.4907729,-86.8279907,"ALVAREZ,SERGIO","P.O BOX 530924, BIRMINGHAM, AL, 35253",Commercial (Class 2),Unknown - Visual Review Required,Unknown - Visual Review Required,JEFFERSON_TAX_LIEN,2026-04-28T22:00:04.450Z,,,,,,"https://www.google.com/maps/search/?api=1&query=33.4907729,-86.8279907","https://earth.google.com/web/search/33.4907729,-86.8279907",46300
29 00 11 2 005 025.001,CLAYTON RONALD JR,1604 1ST ST S,Birmingham,AL,35205,33.4913899,-86.8266788,CLAYTON RONALD JR,"1604 1ST ST S, BIRMINGHAM, AL, 35205",Commercial (Class 2),Unknown - Visual Review Required,Unknown - Visual Review Required,JEFFERSON_TAX_LIEN,2026-04-28T22:00:15.143Z,,,,,,"https://www.google.com/maps/search/?api=1&query=33.4913899,-86.8266788","https://earth.google.com/web/search/33.4913899,-86.8266788",94100
29 00 11 2 006 006.000,TAYLOR LEAFUS E,11 16TH AVE S,Birmingham,AL,35205,33.49156,-86.830089,TAYLOR LEAFUS E,"1280 KENSINGTON BLVD, CALERA, AL, 35040",Commercial (Class 2),Unknown - Visual Review Required,Unknown - Visual Review Required,JEFFERSON_TAX_LIEN,2026-04-28T22:01:03.067Z,,,,,,"https://www.google.com/maps/search/?api=1&query=33.49156,-86.830089","https://earth.google.com/web/search/33.49156,-86.830089",4700
29 00 11 2 007 006.000,EATON RICHARD W % OLIVIA B EATON,13 17TH AVE S,Birmingham,AL,35205,,,EATON RICHARD W % OLIVIA B EATON,"1610 2ND ST S, BIRMINGHAM, AL, 35205-5706",Commercial (Class 2),Unknown - Visual Review Required,Unknown - Visual Review Required,JEFFERSON_TAX_LIEN,2026-04-28T22:00:21.117Z,,,,,,,,55500
29 00 11 2 007 010.000,SUNRISE HOME BUSINESS,1705 CENTER ST S,Birmingham,AL,35205,33.4905092,-86.8307704,SUNRISE HOME BUSINESS,"6639 EASTWOOD ST, PHILADELPHIA, PA, 19149",Commercial (Class 2),Unknown - Visual Review Required,Unknown - Visual Review Required,JEFFERSON_TAX_LIEN,2026-04-28T22:01:02.283Z,,,,,,"https://www.google.com/maps/search/?api=1&query=33.4905092,-86.8307704","https://earth.google.com/web/search/33.4905092,-86.8307704",4400
29 00 11 2 007 012.000,COLLARD CORY,1711 CENTER ST S,Birmingham,AL,35205,33.490325,-86.8307695,COLLARD CORY,"4199 SOUTH 6180 WEST, WEST VALLEY CITY, UT, 84128",Commercial (Class 2),Unknown - Visual Review Required,Unknown - Visual Review Required,JEFFERSON_TAX_LIEN,2026-04-28T22:00:15.850Z,,,,,,"https://www.google.com/maps/search/?api=1&query=33.490325,-86.8307695","https://earth.google.com/web/search/33.490325,-86.8307695",82100
29 00 11 2 008 003.000,BAILEY DEANDRE & ANGEL & JASMINE & DESTINY,57 17TH AVE S,Birmingham,AL,35205,33.4906041,-86.827765,BAILEY DEANDRE & ANGEL & JASMINE & DESTINY,"3021 WENONAH PARK PLACE SW, BIRMINGHAM, AL, 35211",Commercial (Class 2),Unknown - Visual Review Required,Unknown - Visual Review Required,JEFFERSON_TAX_LIEN,2026-04-28T22:00:05.893Z,,,,,,"https://www.google.com/maps/search/?api=1&query=33.4906041,-86.827765","https://earth.google.com/web/search/33.4906041,-86.827765",9300
29 00 11 2 008 016.000,SINCLAIR PROPERTIES,1723 CENTER WAY S,Birmingham,AL,35205,33.48996,-86.82859,SINCLAIR PROPERTIES,"5020 CAHABA VALLEY TRCE, BIRMINGHAM, AL, 35242-3625",Commercial (Class 2),Unknown - Visual Review Required,Unknown - Visual Review Required,JEFFERSON_TAX_LIEN,2026-04-28T22:00:58.910Z,,,,,,"https://www.google.com/maps/search/?api=1&query=33.48996,-86.82859","https://earth.google.com/web/search/33.48996,-86.82859",57500
29 00 11 2 009 019.000,WASHINGTON CORLISTA L,1736 1ST PL S,Birmingham,AL,35205,,,WASHINGTON CORLISTA L,"250 IRON IVY APT 102, MEMPHIS, TN, 38105",Commercial (Class 2),Unknown - Visual Review Required,Unknown - Visual Review Required,JEFFERSON_TAX_LIEN,2026-04-28T22:01:07.903Z,,,,,,,,43900
29 00 11 2 009 020.000,MICHAEL KARIITHI M,1734 1ST PL S,Birmingham,AL,35205,33.4898124,-86.8256173,MICHAEL KARIITHI M,"317 VINCENT ST, ALABASTER, AL, 35007",Commercial (Class 2),Unknown - Visual Review Required,Unknown - Visual Review Required,JEFFERSON_TAX_LIEN,2026-04-28T22:00:44.300Z,,,,,,"https://www.google.com/maps/search/?api=1&query=33.4898124,-86.8256173","https://earth.google.com/web/search/33.4898124,-86.8256173",56200
29 00 11 2 010 006.000,HAWKINS DINKY & RACHEL,1717 1ST PL S,Birmingham,AL,35205,33.4902811,-86.825522,HAWKINS DINKY & RACHEL,"1240 SCHOOL ROAD SE, BESSEMER, AL, 35022",Commercial (Class 2),Unknown - Visual Review Required,Unknown - Visual Review Required,JEFFERSON_TAX_LIEN,2026-04-28T22:00:29.530Z,,,,,,"https://www.google.com/maps/search/?api=1&query=33.4902811,-86.825522","https://earth.google.com/web/search/33.4902811,-86.825522",65300
29 00 11 2 010 010.000,SMITH YAVAH ALLEN III,1731 1ST PL S,Birmingham,AL,35205,33.4900572,-86.8255211,SMITH YAVAH ALLEN III,"6921 INDEPENDENCE PKWY      STE 140, PLANO, TX, 75023",Commercial (Class 2),Unknown - Visual Review Required,Unknown - Visual Review Required,JEFFERSON_TAX_LIEN,2026-04-28T22:01:00.130Z,,,,,,"https://www.google.com/maps/search/?api=1&query=33.4900572,-86.8255211","https://earth.google.com/web/search/33.4900572,-86.8255211",45300
29 00 11 2 010 012.000,PEGERO KARI (R/S),1737 1ST PL S,Birmingham,AL,35205,33.4899613,-86.8255202,PEGERO KARI (R/S),"4616 GOMAR LANE, FUQUAY-VARINA, VA, 27526",Commercial (Class 2),Unknown - Visual Review Required,Unknown - Visual Review Required,JEFFERSON_TAX_LIEN,2026-04-28T22:00:50.200Z,,,,,,"https://www.google.com/maps/search/?api=1&query=33.4899613,-86.8255202","https://earth.google.com/web/search/33.4899613,-86.8255202",7300
29 00 11 2 011 006.000,SEYMORE ERIK K,1713 2ND ST S,Birmingham,AL,35205,33.4903157,-86.8246131,SEYMORE ERIK K,"5100 VISTA GRANDE DR APT 724, ANTIOCH, CA, 94531",Commercial (Class 2),Unknown - Visual Review Required,Unknown - Visual Review Required,JEFFERSON_TAX_LIEN,2026-04-28T22:00:57.500Z,,,,,,"https://www.google.com/maps/search/?api=1&query=33.4903157,-86.8246131","https://earth.google.com/web/search/33.4903157,-86.8246131",19100
29 00 11 2 011 007.000,LOMAX KADEEM AGT FOR HEIRS OF MILLER BARBARA L,1715 2ND ST S,Birmingham,AL,35205,33.4902789,-86.8246126,LOMAX KADEEM AGT FOR HEIRS OF MILLER BARBARA L,"1224 BEACON PARKWAY E APT G, BIRMINGHAM, AL, 35209",Commercial (Class 2),Unknown - Visual Review Required,Unknown - Visual Review Required,JEFFERSON_TAX_LIEN,2026-04-28T22:00:40.237Z,,,,,,"https://www.google.com/maps/search/?api=1&query=33.4902789,-86.8246126","https://earth.google.com/web/search/33.4902789,-86.8246126",9300
29 00 11 2 015 004.000,JAMES S IRWIN JR,1745 CENTER ST S,Birmingham,AL,35205,33.4895753,-86.8307664,JAMES S IRWIN JR,"429 GREEN SPRINGS HWY, BIRMINGHAM, AL, 35209",Commercial (Class 2),Unknown - Visual Review Required,Unknown - Visual Review Required,JEFFERSON_TAX_LIEN,2026-04-28T22:00:34.127Z,,,,,,"https://www.google.com/maps/search/?api=1&query=33.4895753,-86.8307664","https://earth.google.com/web/search/33.4895753,-86.8307664",71600
29 00 11 2 015 008.000,MONAGO NDUBISI C,1742 CENTER PL S,Birmingham,AL,35205,33.489446,-86.8298673,MONAGO NDUBISI C,"1817 CENTER ST S, BIRMINGHAM, AL, 35205",Commercial (Class 2),Unknown - Visual Review Required,Unknown - Visual Review Required,JEFFERSON_TAX_LIEN,2026-04-28T22:00:45.193Z,,,,,,"https://www.google.com/maps/search/?api=1&query=33.489446,-86.8298673","https://earth.google.com/web/search/33.489446,-86.8298673",5800
29 00 11 2 017 014.000,SANDERS EARL R,1808 CENTER WAY S,Birmingham,AL,35205,33.4887215,-86.8287718,SANDERS EARL R,"2825 30TH STREET ENSLEY UNIT 15, BIRMINGHAM, AL, 35208",Commercial (Class 2),Unknown - Visual Review Required,Unknown - Visual Review Required,JEFFERSON_TAX_LIEN,2026-04-28T22:00:56.367Z,,,,,,"https://www.google.com/maps/search/?api=1&query=33.4887215,-86.8287718","https://earth.google.com/web/search/33.4887215,-86.8287718",52600
29 00 11 2 018 011.000,DWELL IN ATLANTA LLC,1807 CENTER WAY S,Birmingham,AL,35205,33.4886123,-86.8285745,DWELL IN ATLANTA LLC,"1445 WOODMONT LANE NW, ATLANTA, GA, 30318",Commercial (Class 2),Unknown - Visual Review Required,Unknown - Visual Review Required,JEFFERSON_TAX_LIEN,2026-04-28T22:00:20.873Z,,,,,,"https://www.google.com/maps/search/?api=1&query=33.4886123,-86.8285745","https://earth.google.com/web/search/33.4886123,-86.8285745",5100
29 00 11 2 018 017.000,IRWIN JAMES S JR,54 18TH CT S,Birmingham,AL,35205,33.4880533,-86.8277725,IRWIN JAMES S JR,"2597 GOSS STREET, BIRMINGHAM, AL, 35211",Commercial (Class 2),Unknown - Visual Review Required,Unknown - Visual Review Required,JEFFERSON_TAX_LIEN,2026-04-28T22:00:33.440Z,,,,,,"https://www.google.com/maps/search/?api=1&query=33.4880533,-86.8277725","https://earth.google.com/web/search/33.4880533,-86.8277725",67000
29 00 11 2 021 005.000,MILLER JOE EST OF,105 18TH CT S,Birmingham,AL,35205,33.4879426,-86.826299,MILLER JOE EST OF,"24 GREENSPRINGS AVE SW, BIRMINGHAM, AL, 35211",Commercial (Class 2),Unknown - Visual Review Required,Unknown - Visual Review Required,JEFFERSON_TAX_LIEN,2026-04-28T22:00:44.560Z,,,,,,"https://www.google.com/maps/search/?api=1&query=33.4879426,-86.826299","https://earth.google.com/web/search/33.4879426,-86.826299",34900
29 00 11 2 021 007.000,MILLER MAXIE SR AS AGENT FOR,1827 1ST ST S,Birmingham,AL,35205,33.487866,-86.8264241,MILLER MAXIE SR AS AGENT FOR,"24 GREEN SPRINGS AVE SW, BIRMINGHAM, AL, 35211",Commercial (Class 2),Unknown - Visual Review Required,Unknown - Visual Review Required,JEFFERSON_TAX_LIEN,2026-04-28T22:00:44.593Z,,,,,,"https://www.google.com/maps/search/?api=1&query=33.487866,-86.8264241","https://earth.google.com/web/search/33.487866,-86.8264241",5200
29 00 11 2 022 010.000,DWELL IN ATLANTA LLC,1833 CENTER WAY S,Birmingham,AL,35205,33.4878288,-86.8285745,DWELL IN ATLANTA LLC,"1445 WOODMONT LANE NW, ATLANTA, GA, 30318",Commercial (Class 2),Unknown - Visual Review Required,Unknown - Visual Review Required,JEFFERSON_TAX_LIEN,2026-04-28T22:00:20.873Z,,,,,,"https://www.google.com/maps/search/?api=1&query=33.4878288,-86.8285745","https://earth.google.com/web/search/33.4878288,-86.8285745",4500
29 00 11 2 022 012.000,BATLEY JERRY O,48 19TH AVE S,Birmingham,AL,35205,33.487277,-86.8276392,BATLEY JERRY O,"609 55TH PL S, BIRMINGHAM, AL, 35212-3636",Commercial (Class 2),Unknown - Visual Review Required,Unknown - Visual Review Required,JEFFERSON_TAX_LIEN,2026-04-28T22:00:06.803Z,,,,,,"https://www.google.com/maps/search/?api=1&query=33.487277,-86.8276392","https://earth.google.com/web/search/33.487277,-86.8276392",48400
29 00 11 2 022 018.000,"JAR HOLDING COMPANY, LLC",62 19TH AVE S,Birmingham,AL,35205,33.4872703,-86.8273681,"JAR HOLDING COMPANY, LLC","3434 MISTY HOLLOW DR, BESEMER, AL, 35022",Commercial (Class 2),Unknown - Visual Review Required,Unknown - Visual Review Required,JEFFERSON_TAX_LIEN,2026-04-28T22:00:34.167Z,,,,,,"https://www.google.com/maps/search/?api=1&query=33.4872703,-86.8273681","https://earth.google.com/web/search/33.4872703,-86.8273681",4400
29 00 11 2 022 019.000,"JAR HOLDING COMPANY, LLC",1840 1ST ST S,Birmingham,AL,35205,33.4878633,-86.8266211,"JAR HOLDING COMPANY, LLC","3434 MISTY HOLLOW DR, BESSEMER, AL, 35022",Commercial (Class 2),Unknown - Visual Review Required,Unknown - Visual Review Required,JEFFERSON_TAX_LIEN,2026-04-28T22:00:34.170Z,,,,,,"https://www.google.com/maps/search/?api=1&query=33.4878633,-86.8266211","https://earth.google.com/web/search/33.4878633,-86.8266211",22600
29 00 11 2 022 020.000,"JAR HOLDING COMPANY, LLC",1838 1ST ST S,Birmingham,AL,35205,33.4878639,-86.8266211,"JAR HOLDING COMPANY, LLC","3434 MISTY HOLLOW DR, BESSEMER, AL, 35022",Commercial (Class 2),Unknown - Visual Review Required,Unknown - Visual Review Required,JEFFERSON_TAX_LIEN,2026-04-28T22:00:34.170Z,,,,,,"https://www.google.com/maps/search/?api=1&query=33.4878639,-86.8266211","https://earth.google.com/web/search/33.4878639,-86.8266211",4200
29 00 11 2 023 002.000,"JAR HOLDING COMPANY, LLC",57 19TH AVE S,Birmingham,AL,35205,33.4871077,-86.8274727,"JAR HOLDING COMPANY, LLC","3434 MISTY HOLLOW DR, BESSEMER, AL, 35022",Commercial (Class 2),Unknown - Visual Review Required,Unknown - Visual Review Required,JEFFERSON_TAX_LIEN,2026-04-28T22:00:34.170Z,,,,,,"https://www.google.com/maps/search/?api=1&query=33.4871077,-86.8274727","https://earth.google.com/web/search/33.4871077,-86.8274727",9600
29 00 11 2 023 005.000,E&J PROPERTIES LLC,1901 CENTER WAY S,Birmingham,AL,35205,33.487084,-86.828608,E&J PROPERTIES LLC,"2825 30TH STREET ENSLEY UNIT 15, BIRMINGHAM, AL, 35208",Commercial (Class 2),Unknown - Visual Review Required,Unknown - Visual Review Required,JEFFERSON_TAX_LIEN,2026-04-28T22:00:20.943Z,,,,,,"https://www.google.com/maps/search/?api=1&query=33.487084,-86.828608","https://earth.google.com/web/search/33.487084,-86.828608",50700
29 00 11 2 026 018.000,SALDANA LINDA MALENY CASTILLO,2031 CENTER WAY S,Birmingham,AL,35205,33.4850998,-86.8293357,SALDANA LINDA MALENY CASTILLO,"1306 KEITH RD, PELHAM, AL, 35124",Commercial (Class 2),Unknown - Visual Review Required,Unknown - Visual Review Required,JEFFERSON_TAX_LIEN,2026-04-28T22:00:56.093Z,,,,,,"https://www.google.com/maps/search/?api=1&query=33.4850998,-86.8293357","https://earth.google.com/web/search/33.4850998,-86.8293357",79600
29 00 11 2 027 005.000,SKYBLUE WHOLESALE PROPERTIES LLC,2007 HOLLINS DR,Birmingham,AL,35205,33.4856269,-86.8278147,SKYBLUE WHOLESALE PROPERTIES LLC,"1329 CASSANDRA LANE, ALLEN, TX, 75002",Commercial (Class 2),Unknown - Visual Review Required,Unknown - Visual Review Required,JEFFERSON_TAX_LIEN,2026-04-28T22:00:59.103Z,,,,,,"https://www.google.com/maps/search/?api=1&query=33.4856269,-86.8278147","https://earth.google.com/web/search/33.4856269,-86.8278147",81900
29 00 11 3 003 002.000,KENNEDY DEV PROPERTIES INC,129 22ND AVE S,Birmingham,AL,35205,33.4832451,-86.8248329,KENNEDY DEV PROPERTIES INC,"P O BOX 110014, BIRMINGHAM, AL, 35211",Commercial (Class 2),Unknown - Visual Review Required,Unknown - Visual Review Required,JEFFERSON_TAX_LIEN,2026-04-28T22:00:37.013Z,,,,,,"https://www.google.com/maps/search/?api=1&query=33.4832451,-86.8248329","https://earth.google.com/web/search/33.4832451,-86.8248329",74700
29 00 11 3 004 004.000,PEREZ BEATRIZ ADRIANA & JIMENEZ RENATO RAMIREZ,2249 1ST PL S,Birmingham,AL,35205,33.4821934,-86.8259645,PEREZ BEATRIZ ADRIANA & JIMENEZ RENATO RAMIREZ,"2249 1ST PLACE SOUTH, BIRMINGHAM, AL, 35223",Commercial (Class 2),Unknown - Visual Review Required,Unknown - Visual Review Required,JEFFERSON_TAX_LIEN,2026-04-28T22:00:50.377Z,,,,,,"https://www.google.com/maps/search/?api=1&query=33.4821934,-86.8259645","https://earth.google.com/web/search/33.4821934,-86.8259645",61000
29 00 11 3 004 012.000,NELSON PAZ PROPERTIES LLC,2240 2ND ST S,Birmingham,AL,35205,33.4819979,-86.8251797,NELSON PAZ PROPERTIES LLC,"2240 2ND STREET SOUTH, BIRMINGHAM, AL, 35205",Commercial (Class 2),Unknown - Visual Review Required,Unknown - Visual Review Required,JEFFERSON_TAX_LIEN,2026-04-28T22:00:47.350Z,,,,,,"https://www.google.com/maps/search/?api=1&query=33.4819979,-86.8251797","https://earth.google.com/web/search/33.4819979,-86.8251797",102500
29 00 11 3 010 003.000,HEARD JOHN & MIA,2253 RED MOUNTAIN TER,Birmingham,AL,35205,33.4781982,-86.8231819,HEARD JOHN & MIA,"726 RALEIGH COURT S-200, HOMEWOOD, AL, 35209",Commercial (Class 2),Unknown - Visual Review Required,Unknown - Visual Review Required,JEFFERSON_TAX_LIEN,2026-04-28T22:00:29.820Z,,,,,,"https://www.google.com/maps/search/?api=1&query=33.4781982,-86.8231819","https://earth.google.com/web/search/33.4781982,-86.8231819",94000
29 00 11 3 012 009.000,HAMPTON MARK W AGT OF HEIRS,2051 HOLLINS DR,Birmingham,AL,35205,33.4837158,-86.8297849,HAMPTON MARK W AGT OF HEIRS,"2051 HOLLINS DR, BIRMINGHAM, AL, 35205-6353",Commercial (Class 2),Unknown - Visual Review Required,Unknown - Visual Review Required,JEFFERSON_TAX_LIEN,2026-04-28T22:00:28.420Z,,,,,,"https://www.google.com/maps/search/?api=1&query=33.4837158,-86.8297849","https://earth.google.com/web/search/33.4837158,-86.8297849",75900
29 00 11 3 012 020.000,EBERT INVESTMENTS LLC,16 GREEN SPRINGS AVE S,Birmingham,AL,35205,33.4828896,-86.8280162,EBERT INVESTMENTS LLC,"PO BOX 550100, BIRMINGHAM, AL, 35255",Commercial (Class 2),Unknown - Visual Review Required,Unknown - Visual Review Required,JEFFERSON_TAX_LIEN,2026-04-28T22:00:21.150Z,,,,,,"https://www.google.com/maps/search/?api=1&query=33.4828896,-86.8280162","https://earth.google.com/web/search/33.4828896,-86.8280162",134000
29 00 11 3 021 011.000,ZAMORA ARTURO EDUARDO SOTO,2321 1ST ST S,Birmingham,AL,35205,33.4793922,-86.8286789,ZAMORA ARTURO EDUARDO SOTO,"1153 BEECH ST, LEEDS, AL, 35094",Commercial (Class 2),Unknown - Visual Review Required,Unknown - Visual Review Required,JEFFERSON_TAX_LIEN,2026-04-28T22:01:11.973Z,,,,,,"https://www.google.com/maps/search/?api=1&query=33.4793922,-86.8286789","https://earth.google.com/web/search/33.4793922,-86.8286789",87100
29 00 11 3 021 017.000,TERRAZAS ALEXANDRO (R/S),2345 1ST ST S,Birmingham,AL,35205,33.4788174,-86.8286783,TERRAZAS ALEXANDRO (R/S),"16 24TH AVE NW, BIRMINGHAM, AL, 35215",Commercial (Class 2),Unknown - Visual Review Required,Unknown - Visual Review Required,JEFFERSON_TAX_LIEN,2026-04-28T22:01:03.310Z,,,,,,"https://www.google.com/maps/search/?api=1&query=33.4788174,-86.8286783","https://earth.google.com/web/search/33.4788174,-86.8286783",27200
29 00 11 3 024 010.000,SANCHEZ KRISTHOFER,2360 CENTER PL S,Birmingham,AL,35205,33.4782726,-86.8305122,SANCHEZ KRISTHOFER,"2352 CENTER PL S, BIRMINGHAM, AL, 35205",Commercial (Class 2),Unknown - Visual Review Required,Unknown - Visual Review Required,JEFFERSON_TAX_LIEN,2026-04-28T22:00:56.297Z,,,,,,"https://www.google.com/maps/search/?api=1&query=33.4782726,-86.8305122","https://earth.google.com/web/search/33.4782726,-86.8305122",47200
29 00 11 4 010 003.000,GREEN LAND REALTY LLC,2105 JOYCE ST,Birmingham,AL,35205,33.4810897,-86.8228312,GREEN LAND REALTY LLC,"5255 LAKE CREST CIRCLE, HOOVER, AL, 35226",Commercial (Class 2),Unknown - Visual Review Required,Unknown - Visual Review Required,JEFFERSON_TAX_LIEN,2026-04-28T22:00:27.050Z,,,,,,"https://www.google.com/maps/search/?api=1&query=33.4810897,-86.8228312","https://earth.google.com/web/search/33.4810897,-86.8228312",4262800
29 00 12 2 004 022.000,ALABAMA PROPERTY BUYER LLC,1606 CULLOM ST S,Birmingham,AL,35205,33.4904167,-86.8081955,ALABAMA PROPERTY BUYER LLC,"P O BOX 2246, TUSCALOOSA, AL, 35403",Commercial (Class 2),Unknown - Visual Review Required,Unknown - Visual Review Required,JEFFERSON_TAX_LIEN,2026-04-28T22:00:03.737Z,,,,,,"https://www.google.com/maps/search/?api=1&query=33.4904167,-86.8081955","https://earth.google.com/web/search/33.4904167,-86.8081955",322900
